<?xml version="1.0" encoding="UTF-8"?>
<vivadoHLSLog:LogRoot xmlns:vivadoHLSLog="www.xilinx.com/vivadoHLSLog">
  <errorLogs>
    <logs>
      <synLog/>
      <simLog/>
      <mgLog/>
      <packageLog/>
      <csimLog/>
    </logs>
  </errorLogs>
  <warningLogs>
    <logs>
      <synLog>
        <logs message="WARNING: [SCHED 204-21] The critical path in module 'MatConv' consists of the following:&#xD;&#xA;&#x9;'phi' operation ('inp_load_10_4_4_phi', MatConv.cpp:16) with incoming values : ('inp_4_14_read', MatConv.cpp:16) ('inp_5_14_read', MatConv.cpp:16) ('inp_6_14_read', MatConv.cpp:16) ('inp_7_14_read', MatConv.cpp:16) ('inp_8_14_read', MatConv.cpp:16) ('inp_9_14_read', MatConv.cpp:16) ('inp_10_14_read', MatConv.cpp:16) ('inp_11_14_read', MatConv.cpp:16) ('inp_12_14_read', MatConv.cpp:16) ('inp_13_14_read', MatConv.cpp:16) ('inp_14_14_read', MatConv.cpp:16) [2317]  (0 ns)&#xD;&#xA;&#x9;'mul' operation of DSP[2339] ('tmp_7_10_4_4', MatConv.cpp:16) [2319]  (3.36 ns)&#xD;&#xA;&#x9;'add' operation of DSP[2339] ('tmp250', MatConv.cpp:16) [2339]  (3.02 ns)&#xD;&#xA;&#x9;'add' operation ('tmp251', MatConv.cpp:16) [2340]  (3.9 ns)" projectName="MatConv" solutionName="only_pipeline" date="2025-06-01T10:34:22.244+0700" type="Warning"/>
        <logs message="WARNING: [SCHED 204-21] Estimated clock period (10.283ns) exceeds the target (target clock period: 10ns, clock uncertainty: 1.25ns, effective delay budget: 8.75ns)." projectName="MatConv" solutionName="only_pipeline" date="2025-06-01T10:34:22.221+0700" type="Warning"/>
        <logs message="WARNING: [XFORM 203-505] Ignored pipeline directive for loop 'Ker_Cols' (MatConv.cpp:15) because its parent loop or function is pipelined." projectName="MatConv" solutionName="only_pipeline" date="2025-06-01T10:34:00.064+0700" type="Warning"/>
        <logs message="WARNING: [XFORM 203-505] Ignored pipeline directive for loop 'Ker_Rows' (MatConv.cpp:14) because its parent loop or function is pipelined." projectName="MatConv" solutionName="only_pipeline" date="2025-06-01T10:34:00.046+0700" type="Warning"/>
        <logs message="WARNING: [XFORM 203-505] Ignored pipeline directive for loop 'Output_Cols' (MatConv.cpp:12) because its parent loop or function is pipelined." projectName="MatConv" solutionName="only_pipeline" date="2025-06-01T10:34:00.023+0700" type="Warning"/>
        <logs message="WARNING: [SCHED 204-21] The critical path in module 'MatConv' consists of the following:&#xD;&#xA;&#x9;wire read on port 'ker_0_2' (MatConv.cpp:16) [754]  (0 ns)&#xD;&#xA;&#x9;'mul' operation of DSP[869] ('tmp_7_0_0_0_2', MatConv.cpp:16) [758]  (3.36 ns)&#xD;&#xA;&#x9;'add' operation of DSP[869] ('tmp3', MatConv.cpp:16) [869]  (3.02 ns)&#xD;&#xA;&#x9;'add' operation of DSP[870] ('tmp2', MatConv.cpp:16) [870]  (3.02 ns)&#xD;&#xA;&#x9;'add' operation ('tmp1', MatConv.cpp:16) [873]  (2.08 ns)" projectName="MatConv" solutionName="only_unroll" date="2025-06-01T10:31:53.829+0700" type="Warning"/>
        <logs message="WARNING: [SCHED 204-21] Estimated clock period (11.477ns) exceeds the target (target clock period: 10ns, clock uncertainty: 1.25ns, effective delay budget: 8.75ns)." projectName="MatConv" solutionName="only_unroll" date="2025-06-01T10:31:53.803+0700" type="Warning"/>
        <logs message="WARNING: [SCHED 204-21] The critical path in module 'MatConv' consists of the following:&#xD;&#xA;&#x9;'phi' operation ('inp_load_10_4_4_phi', MatConv.cpp:16) with incoming values : ('inp_4_14_read', MatConv.cpp:16) ('inp_5_14_read', MatConv.cpp:16) ('inp_6_14_read', MatConv.cpp:16) ('inp_7_14_read', MatConv.cpp:16) ('inp_8_14_read', MatConv.cpp:16) ('inp_9_14_read', MatConv.cpp:16) ('inp_10_14_read', MatConv.cpp:16) ('inp_11_14_read', MatConv.cpp:16) ('inp_12_14_read', MatConv.cpp:16) ('inp_13_14_read', MatConv.cpp:16) ('inp_14_14_read', MatConv.cpp:16) [2317]  (0 ns)&#xD;&#xA;&#x9;'mul' operation of DSP[2339] ('tmp_7_10_4_4', MatConv.cpp:16) [2319]  (3.36 ns)&#xD;&#xA;&#x9;'add' operation of DSP[2339] ('tmp250', MatConv.cpp:16) [2339]  (3.02 ns)&#xD;&#xA;&#x9;'add' operation ('tmp251', MatConv.cpp:16) [2340]  (3.9 ns)" projectName="MatConv" solutionName="pipeline_unroll" date="2025-06-01T10:29:54.553+0700" type="Warning"/>
        <logs message="WARNING: [SCHED 204-21] Estimated clock period (10.283ns) exceeds the target (target clock period: 10ns, clock uncertainty: 1.25ns, effective delay budget: 8.75ns)." projectName="MatConv" solutionName="pipeline_unroll" date="2025-06-01T10:29:54.528+0700" type="Warning"/>
        <logs message="WARNING: [XFORM 203-505] Ignored pipeline directive for loop 'Output_Cols' (MatConv.cpp:12) because its parent loop or function is pipelined." projectName="MatConv" solutionName="pipeline_unroll" date="2025-06-01T10:29:23.757+0700" type="Warning"/>
        <logs message="WARNING: [SCHED 204-21] The critical path in module 'MatConv' consists of the following:&#xD;&#xA;&#x9;'phi' operation ('inp_load_10_4_4_phi', MatConv.cpp:16) with incoming values : ('inp_4_14_read', MatConv.cpp:16) ('inp_5_14_read', MatConv.cpp:16) ('inp_6_14_read', MatConv.cpp:16) ('inp_7_14_read', MatConv.cpp:16) ('inp_8_14_read', MatConv.cpp:16) ('inp_9_14_read', MatConv.cpp:16) ('inp_10_14_read', MatConv.cpp:16) ('inp_11_14_read', MatConv.cpp:16) ('inp_12_14_read', MatConv.cpp:16) ('inp_13_14_read', MatConv.cpp:16) ('inp_14_14_read', MatConv.cpp:16) [2317]  (0 ns)&#xD;&#xA;&#x9;'mul' operation of DSP[2339] ('tmp_7_10_4_4', MatConv.cpp:16) [2319]  (3.36 ns)&#xD;&#xA;&#x9;'add' operation of DSP[2339] ('tmp250', MatConv.cpp:16) [2339]  (3.02 ns)&#xD;&#xA;&#x9;'add' operation ('tmp251', MatConv.cpp:16) [2340]  (3.9 ns)" projectName="MatConv" solutionName="2pipeline_unroll" date="2025-05-26T20:27:23.151+0700" type="Warning"/>
        <logs message="WARNING: [SCHED 204-21] Estimated clock period (10.283ns) exceeds the target (target clock period: 10ns, clock uncertainty: 1.25ns, effective delay budget: 8.75ns)." projectName="MatConv" solutionName="2pipeline_unroll" date="2025-05-26T20:27:23.135+0700" type="Warning"/>
        <logs message="WARNING: [XFORM 203-505] Ignored pipeline directive for loop 'Output_Cols' (MatConv.cpp:12) because its parent loop or function is pipelined." projectName="MatConv" solutionName="2pipeline_unroll" date="2025-05-26T20:27:02.535+0700" type="Warning"/>
        <logs message="WARNING: [SCHED 204-21] The critical path in module 'MatConv' consists of the following:&#xD;&#xA;&#x9;wire read on port 'ker_0_2' (MatConv.cpp:16) [754]  (0 ns)&#xD;&#xA;&#x9;'mul' operation of DSP[869] ('tmp_7_0_0_0_2', MatConv.cpp:16) [758]  (3.36 ns)&#xD;&#xA;&#x9;'add' operation of DSP[869] ('tmp3', MatConv.cpp:16) [869]  (3.02 ns)&#xD;&#xA;&#x9;'add' operation of DSP[870] ('tmp2', MatConv.cpp:16) [870]  (3.02 ns)&#xD;&#xA;&#x9;'add' operation ('tmp1', MatConv.cpp:16) [873]  (2.08 ns)" projectName="MatConv" solutionName="partition_unroll" date="2025-05-26T20:25:31.771+0700" type="Warning"/>
        <logs message="WARNING: [SCHED 204-21] Estimated clock period (11.477ns) exceeds the target (target clock period: 10ns, clock uncertainty: 1.25ns, effective delay budget: 8.75ns)." projectName="MatConv" solutionName="partition_unroll" date="2025-05-26T20:25:31.746+0700" type="Warning"/>
        <logs message="WARNING: [SCHED 204-21] The critical path in module 'MatConv' consists of the following:&#xD;&#xA;&#x9;'phi' operation ('inp_load_10_4_4_phi', MatConv.cpp:16) with incoming values : ('inp_4_14_read', MatConv.cpp:16) ('inp_5_14_read', MatConv.cpp:16) ('inp_6_14_read', MatConv.cpp:16) ('inp_7_14_read', MatConv.cpp:16) ('inp_8_14_read', MatConv.cpp:16) ('inp_9_14_read', MatConv.cpp:16) ('inp_10_14_read', MatConv.cpp:16) ('inp_11_14_read', MatConv.cpp:16) ('inp_12_14_read', MatConv.cpp:16) ('inp_13_14_read', MatConv.cpp:16) ('inp_14_14_read', MatConv.cpp:16) [2317]  (0 ns)&#xD;&#xA;&#x9;'mul' operation of DSP[2339] ('tmp_7_10_4_4', MatConv.cpp:16) [2319]  (3.36 ns)&#xD;&#xA;&#x9;'add' operation of DSP[2339] ('tmp250', MatConv.cpp:16) [2339]  (3.02 ns)&#xD;&#xA;&#x9;'add' operation ('tmp251', MatConv.cpp:16) [2340]  (3.9 ns)" projectName="MatConv" solutionName="partition_pipeline" date="2025-05-26T20:23:55.609+0700" type="Warning"/>
        <logs message="WARNING: [SCHED 204-21] Estimated clock period (10.283ns) exceeds the target (target clock period: 10ns, clock uncertainty: 1.25ns, effective delay budget: 8.75ns)." projectName="MatConv" solutionName="partition_pipeline" date="2025-05-26T20:23:55.594+0700" type="Warning"/>
        <logs message="WARNING: [XFORM 203-505] Ignored pipeline directive for loop 'Ker_Cols' (MatConv.cpp:15) because its parent loop or function is pipelined." projectName="MatConv" solutionName="partition_pipeline" date="2025-05-26T20:23:32.315+0700" type="Warning"/>
        <logs message="WARNING: [XFORM 203-505] Ignored pipeline directive for loop 'Ker_Rows' (MatConv.cpp:14) because its parent loop or function is pipelined." projectName="MatConv" solutionName="partition_pipeline" date="2025-05-26T20:23:32.296+0700" type="Warning"/>
        <logs message="WARNING: [XFORM 203-505] Ignored pipeline directive for loop 'Output_Cols' (MatConv.cpp:12) because its parent loop or function is pipelined." projectName="MatConv" solutionName="partition_pipeline" date="2025-05-26T20:23:32.269+0700" type="Warning"/>
        <logs message="WARNING: [SCHED 204-21] The critical path in module 'MatConv' consists of the following:&#xD;&#xA;&#x9;'mul' operation of DSP[2213] ('tmp_7_0_9_4', MatConv.cpp:13) [2195]  (3.36 ns)&#xD;&#xA;&#x9;'add' operation of DSP[2213] ('tmp3', MatConv.cpp:13) [2213]  (3.02 ns)&#xD;&#xA;&#x9;'add' operation of DSP[2214] ('tmp4', MatConv.cpp:13) [2214]  (3.02 ns)&#xD;&#xA;&#x9;'add' operation ('tmp5', MatConv.cpp:13) [2215]  (2.08 ns)" projectName="MatConv" solutionName="solution2" date="2025-05-24T11:13:26.826+0700" type="Warning"/>
        <logs message="WARNING: [SCHED 204-21] Estimated clock period (11.477ns) exceeds the target (target clock period: 10ns, clock uncertainty: 1.25ns, effective delay budget: 8.75ns)." projectName="MatConv" solutionName="solution2" date="2025-05-24T11:13:26.809+0700" type="Warning"/>
        <logs message="WARNING: [XFORM 203-505] Ignored pipeline directive for loop 'Ker_Cols' (MatConv.cpp:12) because its parent loop or function is pipelined." projectName="MatConv" solutionName="solution2" date="2025-05-24T11:11:20.673+0700" type="Warning"/>
        <logs message="WARNING: [XFORM 203-505] Ignored pipeline directive for loop 'Ker_Rows' (MatConv.cpp:11) because its parent loop or function is pipelined." projectName="MatConv" solutionName="solution2" date="2025-05-24T11:11:20.653+0700" type="Warning"/>
        <logs message="WARNING: [XFORM 203-505] Ignored pipeline directive for loop 'Output_Cols' (MatConv.cpp:9) because its parent loop or function is pipelined." projectName="MatConv" solutionName="solution2" date="2025-05-24T11:11:20.636+0700" type="Warning"/>
        <logs message="WARNING: [SCHED 204-21] The critical path in module 'MatConv' consists of the following:&#xD;&#xA;&#x9;'mul' operation of DSP[1315] ('tmp_7_0_1_6', MatConv.cpp:13) [366]  (3.36 ns)&#xD;&#xA;&#x9;'add' operation of DSP[1315] ('tmp17', MatConv.cpp:13) [1315]  (3.02 ns)&#xD;&#xA;&#x9;'add' operation of DSP[1316] ('tmp18', MatConv.cpp:13) [1316]  (3.02 ns)&#xD;&#xA;&#x9;'add' operation ('tmp15', MatConv.cpp:13) [1317]  (2.08 ns)" projectName="MatConv" solutionName="solution1" date="2025-05-24T11:10:31.745+0700" type="Warning"/>
        <logs message="WARNING: [SCHED 204-21] Estimated clock period (11.477ns) exceeds the target (target clock period: 10ns, clock uncertainty: 1.25ns, effective delay budget: 8.75ns)." projectName="MatConv" solutionName="solution1" date="2025-05-24T11:10:31.726+0700" type="Warning"/>
        <logs message="WARNING: [SCHED 204-69] Unable to schedule 'load' operation ('inp_load_2', MatConv.cpp:13) on array 'inp' due to limited memory ports. Please consider using a memory core with more ports or partitioning the array 'inp'." projectName="MatConv" solutionName="solution1" date="2025-05-24T11:10:29.352+0700" type="Warning"/>
        <logs message="WARNING: [XFORM 203-505] Ignored pipeline directive for loop 'Ker_Cols' (MatConv.cpp:12) because its parent loop or function is pipelined." projectName="MatConv" solutionName="solution1" date="2025-05-24T11:10:02.669+0700" type="Warning"/>
        <logs message="WARNING: [XFORM 203-505] Ignored pipeline directive for loop 'Ker_Rows' (MatConv.cpp:11) because its parent loop or function is pipelined." projectName="MatConv" solutionName="solution1" date="2025-05-24T11:10:02.654+0700" type="Warning"/>
        <logs message="WARNING: [XFORM 203-505] Ignored pipeline directive for loop 'Output_Cols' (MatConv.cpp:9) because its parent loop or function is pipelined." projectName="MatConv" solutionName="solution1" date="2025-05-24T11:10:02.636+0700" type="Warning"/>
      </synLog>
      <simLog/>
      <mgLog/>
      <packageLog/>
      <csimLog/>
    </logs>
  </warningLogs>
</vivadoHLSLog:LogRoot>
