<?xml version="1.0" encoding="utf-8"?>
<xd:acceleratorMap xmlns:xd="http://www.xilinx.com/xidane" xd:functionName="MatConv" xd:componentRef="MatConv" xd:initiationInterval="16" xd:clockPeriod="10.000" xd:sequential="true" xd:hostMachine="64" xd:reset="control">
  <xd:controlReg xd:name="control" xd:interfaceRef="ap_ctrl" xd:busTypeRef="acc_handshake" xd:type="acc_handshake"/>
  <xd:arg xd:name="ker[0][0]" xd:originalName="ker00" xd:direction="in" xd:interfaceRef="ker_0_0" xd:busTypeRef="register" xd:handshakeRef="ap_none" xd:dataWidth="8" xd:arraySize="1"/>
  <xd:arg xd:name="ker[0][1]" xd:originalName="ker01" xd:direction="in" xd:interfaceRef="ker_0_1" xd:busTypeRef="register" xd:handshakeRef="ap_none" xd:dataWidth="8" xd:arraySize="1"/>
  <xd:arg xd:name="ker[0][2]" xd:originalName="ker02" xd:direction="in" xd:interfaceRef="ker_0_2" xd:busTypeRef="register" xd:handshakeRef="ap_none" xd:dataWidth="8" xd:arraySize="1"/>
  <xd:arg xd:name="ker[0][3]" xd:originalName="ker03" xd:direction="in" xd:interfaceRef="ker_0_3" xd:busTypeRef="register" xd:handshakeRef="ap_none" xd:dataWidth="8" xd:arraySize="1"/>
  <xd:arg xd:name="ker[0][4]" xd:originalName="ker04" xd:direction="in" xd:interfaceRef="ker_0_4" xd:busTypeRef="register" xd:handshakeRef="ap_none" xd:dataWidth="8" xd:arraySize="1"/>
  <xd:arg xd:name="ker[1][0]" xd:originalName="ker10" xd:direction="in" xd:interfaceRef="ker_1_0" xd:busTypeRef="register" xd:handshakeRef="ap_none" xd:dataWidth="8" xd:arraySize="1"/>
  <xd:arg xd:name="ker[1][1]" xd:originalName="ker11" xd:direction="in" xd:interfaceRef="ker_1_1" xd:busTypeRef="register" xd:handshakeRef="ap_none" xd:dataWidth="8" xd:arraySize="1"/>
  <xd:arg xd:name="ker[1][2]" xd:originalName="ker12" xd:direction="in" xd:interfaceRef="ker_1_2" xd:busTypeRef="register" xd:handshakeRef="ap_none" xd:dataWidth="8" xd:arraySize="1"/>
  <xd:arg xd:name="ker[1][3]" xd:originalName="ker13" xd:direction="in" xd:interfaceRef="ker_1_3" xd:busTypeRef="register" xd:handshakeRef="ap_none" xd:dataWidth="8" xd:arraySize="1"/>
  <xd:arg xd:name="ker[1][4]" xd:originalName="ker14" xd:direction="in" xd:interfaceRef="ker_1_4" xd:busTypeRef="register" xd:handshakeRef="ap_none" xd:dataWidth="8" xd:arraySize="1"/>
  <xd:arg xd:name="ker[2][0]" xd:originalName="ker20" xd:direction="in" xd:interfaceRef="ker_2_0" xd:busTypeRef="register" xd:handshakeRef="ap_none" xd:dataWidth="8" xd:arraySize="1"/>
  <xd:arg xd:name="ker[2][1]" xd:originalName="ker21" xd:direction="in" xd:interfaceRef="ker_2_1" xd:busTypeRef="register" xd:handshakeRef="ap_none" xd:dataWidth="8" xd:arraySize="1"/>
  <xd:arg xd:name="ker[2][2]" xd:originalName="ker22" xd:direction="in" xd:interfaceRef="ker_2_2" xd:busTypeRef="register" xd:handshakeRef="ap_none" xd:dataWidth="8" xd:arraySize="1"/>
  <xd:arg xd:name="ker[2][3]" xd:originalName="ker23" xd:direction="in" xd:interfaceRef="ker_2_3" xd:busTypeRef="register" xd:handshakeRef="ap_none" xd:dataWidth="8" xd:arraySize="1"/>
  <xd:arg xd:name="ker[2][4]" xd:originalName="ker24" xd:direction="in" xd:interfaceRef="ker_2_4" xd:busTypeRef="register" xd:handshakeRef="ap_none" xd:dataWidth="8" xd:arraySize="1"/>
  <xd:arg xd:name="ker[3][0]" xd:originalName="ker30" xd:direction="in" xd:interfaceRef="ker_3_0" xd:busTypeRef="register" xd:handshakeRef="ap_none" xd:dataWidth="8" xd:arraySize="1"/>
  <xd:arg xd:name="ker[3][1]" xd:originalName="ker31" xd:direction="in" xd:interfaceRef="ker_3_1" xd:busTypeRef="register" xd:handshakeRef="ap_none" xd:dataWidth="8" xd:arraySize="1"/>
  <xd:arg xd:name="ker[3][2]" xd:originalName="ker32" xd:direction="in" xd:interfaceRef="ker_3_2" xd:busTypeRef="register" xd:handshakeRef="ap_none" xd:dataWidth="8" xd:arraySize="1"/>
  <xd:arg xd:name="ker[3][3]" xd:originalName="ker33" xd:direction="in" xd:interfaceRef="ker_3_3" xd:busTypeRef="register" xd:handshakeRef="ap_none" xd:dataWidth="8" xd:arraySize="1"/>
  <xd:arg xd:name="ker[3][4]" xd:originalName="ker34" xd:direction="in" xd:interfaceRef="ker_3_4" xd:busTypeRef="register" xd:handshakeRef="ap_none" xd:dataWidth="8" xd:arraySize="1"/>
  <xd:arg xd:name="ker[4][0]" xd:originalName="ker40" xd:direction="in" xd:interfaceRef="ker_4_0" xd:busTypeRef="register" xd:handshakeRef="ap_none" xd:dataWidth="8" xd:arraySize="1"/>
  <xd:arg xd:name="ker[4][1]" xd:originalName="ker41" xd:direction="in" xd:interfaceRef="ker_4_1" xd:busTypeRef="register" xd:handshakeRef="ap_none" xd:dataWidth="8" xd:arraySize="1"/>
  <xd:arg xd:name="ker[4][2]" xd:originalName="ker42" xd:direction="in" xd:interfaceRef="ker_4_2" xd:busTypeRef="register" xd:handshakeRef="ap_none" xd:dataWidth="8" xd:arraySize="1"/>
  <xd:arg xd:name="ker[4][3]" xd:originalName="ker43" xd:direction="in" xd:interfaceRef="ker_4_3" xd:busTypeRef="register" xd:handshakeRef="ap_none" xd:dataWidth="8" xd:arraySize="1"/>
  <xd:arg xd:name="ker[4][4]" xd:originalName="ker44" xd:direction="in" xd:interfaceRef="ker_4_4" xd:busTypeRef="register" xd:handshakeRef="ap_none" xd:dataWidth="8" xd:arraySize="1"/>
  <xd:arg xd:name="inp[0][0]" xd:originalName="inp00" xd:direction="in" xd:interfaceRef="inp_0_0" xd:busTypeRef="register" xd:handshakeRef="ap_none" xd:dataWidth="8" xd:arraySize="1"/>
  <xd:arg xd:name="inp[0][1]" xd:originalName="inp01" xd:direction="in" xd:interfaceRef="inp_0_1" xd:busTypeRef="register" xd:handshakeRef="ap_none" xd:dataWidth="8" xd:arraySize="1"/>
  <xd:arg xd:name="inp[0][2]" xd:originalName="inp02" xd:direction="in" xd:interfaceRef="inp_0_2" xd:busTypeRef="register" xd:handshakeRef="ap_none" xd:dataWidth="8" xd:arraySize="1"/>
  <xd:arg xd:name="inp[0][3]" xd:originalName="inp03" xd:direction="in" xd:interfaceRef="inp_0_3" xd:busTypeRef="register" xd:handshakeRef="ap_none" xd:dataWidth="8" xd:arraySize="1"/>
  <xd:arg xd:name="inp[0][4]" xd:originalName="inp04" xd:direction="in" xd:interfaceRef="inp_0_4" xd:busTypeRef="register" xd:handshakeRef="ap_none" xd:dataWidth="8" xd:arraySize="1"/>
  <xd:arg xd:name="inp[0][5]" xd:originalName="inp05" xd:direction="in" xd:interfaceRef="inp_0_5" xd:busTypeRef="register" xd:handshakeRef="ap_none" xd:dataWidth="8" xd:arraySize="1"/>
  <xd:arg xd:name="inp[0][6]" xd:originalName="inp06" xd:direction="in" xd:interfaceRef="inp_0_6" xd:busTypeRef="register" xd:handshakeRef="ap_none" xd:dataWidth="8" xd:arraySize="1"/>
  <xd:arg xd:name="inp[0][7]" xd:originalName="inp07" xd:direction="in" xd:interfaceRef="inp_0_7" xd:busTypeRef="register" xd:handshakeRef="ap_none" xd:dataWidth="8" xd:arraySize="1"/>
  <xd:arg xd:name="inp[0][8]" xd:originalName="inp08" xd:direction="in" xd:interfaceRef="inp_0_8" xd:busTypeRef="register" xd:handshakeRef="ap_none" xd:dataWidth="8" xd:arraySize="1"/>
  <xd:arg xd:name="inp[0][9]" xd:originalName="inp09" xd:direction="in" xd:interfaceRef="inp_0_9" xd:busTypeRef="register" xd:handshakeRef="ap_none" xd:dataWidth="8" xd:arraySize="1"/>
  <xd:arg xd:name="inp[0][10]" xd:originalName="inp010" xd:direction="in" xd:interfaceRef="inp_0_10" xd:busTypeRef="register" xd:handshakeRef="ap_none" xd:dataWidth="8" xd:arraySize="1"/>
  <xd:arg xd:name="inp[0][11]" xd:originalName="inp011" xd:direction="in" xd:interfaceRef="inp_0_11" xd:busTypeRef="register" xd:handshakeRef="ap_none" xd:dataWidth="8" xd:arraySize="1"/>
  <xd:arg xd:name="inp[0][12]" xd:originalName="inp012" xd:direction="in" xd:interfaceRef="inp_0_12" xd:busTypeRef="register" xd:handshakeRef="ap_none" xd:dataWidth="8" xd:arraySize="1"/>
  <xd:arg xd:name="inp[0][13]" xd:originalName="inp013" xd:direction="in" xd:interfaceRef="inp_0_13" xd:busTypeRef="register" xd:handshakeRef="ap_none" xd:dataWidth="8" xd:arraySize="1"/>
  <xd:arg xd:name="inp[0][14]" xd:originalName="inp014" xd:direction="in" xd:interfaceRef="inp_0_14" xd:busTypeRef="register" xd:handshakeRef="ap_none" xd:dataWidth="8" xd:arraySize="1"/>
  <xd:arg xd:name="inp[1][0]" xd:originalName="inp10" xd:direction="in" xd:interfaceRef="inp_1_0" xd:busTypeRef="register" xd:handshakeRef="ap_none" xd:dataWidth="8" xd:arraySize="1"/>
  <xd:arg xd:name="inp[1][1]" xd:originalName="inp11" xd:direction="in" xd:interfaceRef="inp_1_1" xd:busTypeRef="register" xd:handshakeRef="ap_none" xd:dataWidth="8" xd:arraySize="1"/>
  <xd:arg xd:name="inp[1][2]" xd:originalName="inp12" xd:direction="in" xd:interfaceRef="inp_1_2" xd:busTypeRef="register" xd:handshakeRef="ap_none" xd:dataWidth="8" xd:arraySize="1"/>
  <xd:arg xd:name="inp[1][3]" xd:originalName="inp13" xd:direction="in" xd:interfaceRef="inp_1_3" xd:busTypeRef="register" xd:handshakeRef="ap_none" xd:dataWidth="8" xd:arraySize="1"/>
  <xd:arg xd:name="inp[1][4]" xd:originalName="inp14" xd:direction="in" xd:interfaceRef="inp_1_4" xd:busTypeRef="register" xd:handshakeRef="ap_none" xd:dataWidth="8" xd:arraySize="1"/>
  <xd:arg xd:name="inp[1][5]" xd:originalName="inp15" xd:direction="in" xd:interfaceRef="inp_1_5" xd:busTypeRef="register" xd:handshakeRef="ap_none" xd:dataWidth="8" xd:arraySize="1"/>
  <xd:arg xd:name="inp[1][6]" xd:originalName="inp16" xd:direction="in" xd:interfaceRef="inp_1_6" xd:busTypeRef="register" xd:handshakeRef="ap_none" xd:dataWidth="8" xd:arraySize="1"/>
  <xd:arg xd:name="inp[1][7]" xd:originalName="inp17" xd:direction="in" xd:interfaceRef="inp_1_7" xd:busTypeRef="register" xd:handshakeRef="ap_none" xd:dataWidth="8" xd:arraySize="1"/>
  <xd:arg xd:name="inp[1][8]" xd:originalName="inp18" xd:direction="in" xd:interfaceRef="inp_1_8" xd:busTypeRef="register" xd:handshakeRef="ap_none" xd:dataWidth="8" xd:arraySize="1"/>
  <xd:arg xd:name="inp[1][9]" xd:originalName="inp19" xd:direction="in" xd:interfaceRef="inp_1_9" xd:busTypeRef="register" xd:handshakeRef="ap_none" xd:dataWidth="8" xd:arraySize="1"/>
  <xd:arg xd:name="inp[1][10]" xd:originalName="inp110" xd:direction="in" xd:interfaceRef="inp_1_10" xd:busTypeRef="register" xd:handshakeRef="ap_none" xd:dataWidth="8" xd:arraySize="1"/>
  <xd:arg xd:name="inp[1][11]" xd:originalName="inp111" xd:direction="in" xd:interfaceRef="inp_1_11" xd:busTypeRef="register" xd:handshakeRef="ap_none" xd:dataWidth="8" xd:arraySize="1"/>
  <xd:arg xd:name="inp[1][12]" xd:originalName="inp112" xd:direction="in" xd:interfaceRef="inp_1_12" xd:busTypeRef="register" xd:handshakeRef="ap_none" xd:dataWidth="8" xd:arraySize="1"/>
  <xd:arg xd:name="inp[1][13]" xd:originalName="inp113" xd:direction="in" xd:interfaceRef="inp_1_13" xd:busTypeRef="register" xd:handshakeRef="ap_none" xd:dataWidth="8" xd:arraySize="1"/>
  <xd:arg xd:name="inp[1][14]" xd:originalName="inp114" xd:direction="in" xd:interfaceRef="inp_1_14" xd:busTypeRef="register" xd:handshakeRef="ap_none" xd:dataWidth="8" xd:arraySize="1"/>
  <xd:arg xd:name="inp[2][0]" xd:originalName="inp20" xd:direction="in" xd:interfaceRef="inp_2_0" xd:busTypeRef="register" xd:handshakeRef="ap_none" xd:dataWidth="8" xd:arraySize="1"/>
  <xd:arg xd:name="inp[2][1]" xd:originalName="inp21" xd:direction="in" xd:interfaceRef="inp_2_1" xd:busTypeRef="register" xd:handshakeRef="ap_none" xd:dataWidth="8" xd:arraySize="1"/>
  <xd:arg xd:name="inp[2][2]" xd:originalName="inp22" xd:direction="in" xd:interfaceRef="inp_2_2" xd:busTypeRef="register" xd:handshakeRef="ap_none" xd:dataWidth="8" xd:arraySize="1"/>
  <xd:arg xd:name="inp[2][3]" xd:originalName="inp23" xd:direction="in" xd:interfaceRef="inp_2_3" xd:busTypeRef="register" xd:handshakeRef="ap_none" xd:dataWidth="8" xd:arraySize="1"/>
  <xd:arg xd:name="inp[2][4]" xd:originalName="inp24" xd:direction="in" xd:interfaceRef="inp_2_4" xd:busTypeRef="register" xd:handshakeRef="ap_none" xd:dataWidth="8" xd:arraySize="1"/>
  <xd:arg xd:name="inp[2][5]" xd:originalName="inp25" xd:direction="in" xd:interfaceRef="inp_2_5" xd:busTypeRef="register" xd:handshakeRef="ap_none" xd:dataWidth="8" xd:arraySize="1"/>
  <xd:arg xd:name="inp[2][6]" xd:originalName="inp26" xd:direction="in" xd:interfaceRef="inp_2_6" xd:busTypeRef="register" xd:handshakeRef="ap_none" xd:dataWidth="8" xd:arraySize="1"/>
  <xd:arg xd:name="inp[2][7]" xd:originalName="inp27" xd:direction="in" xd:interfaceRef="inp_2_7" xd:busTypeRef="register" xd:handshakeRef="ap_none" xd:dataWidth="8" xd:arraySize="1"/>
  <xd:arg xd:name="inp[2][8]" xd:originalName="inp28" xd:direction="in" xd:interfaceRef="inp_2_8" xd:busTypeRef="register" xd:handshakeRef="ap_none" xd:dataWidth="8" xd:arraySize="1"/>
  <xd:arg xd:name="inp[2][9]" xd:originalName="inp29" xd:direction="in" xd:interfaceRef="inp_2_9" xd:busTypeRef="register" xd:handshakeRef="ap_none" xd:dataWidth="8" xd:arraySize="1"/>
  <xd:arg xd:name="inp[2][10]" xd:originalName="inp210" xd:direction="in" xd:interfaceRef="inp_2_10" xd:busTypeRef="register" xd:handshakeRef="ap_none" xd:dataWidth="8" xd:arraySize="1"/>
  <xd:arg xd:name="inp[2][11]" xd:originalName="inp211" xd:direction="in" xd:interfaceRef="inp_2_11" xd:busTypeRef="register" xd:handshakeRef="ap_none" xd:dataWidth="8" xd:arraySize="1"/>
  <xd:arg xd:name="inp[2][12]" xd:originalName="inp212" xd:direction="in" xd:interfaceRef="inp_2_12" xd:busTypeRef="register" xd:handshakeRef="ap_none" xd:dataWidth="8" xd:arraySize="1"/>
  <xd:arg xd:name="inp[2][13]" xd:originalName="inp213" xd:direction="in" xd:interfaceRef="inp_2_13" xd:busTypeRef="register" xd:handshakeRef="ap_none" xd:dataWidth="8" xd:arraySize="1"/>
  <xd:arg xd:name="inp[2][14]" xd:originalName="inp214" xd:direction="in" xd:interfaceRef="inp_2_14" xd:busTypeRef="register" xd:handshakeRef="ap_none" xd:dataWidth="8" xd:arraySize="1"/>
  <xd:arg xd:name="inp[3][0]" xd:originalName="inp30" xd:direction="in" xd:interfaceRef="inp_3_0" xd:busTypeRef="register" xd:handshakeRef="ap_none" xd:dataWidth="8" xd:arraySize="1"/>
  <xd:arg xd:name="inp[3][1]" xd:originalName="inp31" xd:direction="in" xd:interfaceRef="inp_3_1" xd:busTypeRef="register" xd:handshakeRef="ap_none" xd:dataWidth="8" xd:arraySize="1"/>
  <xd:arg xd:name="inp[3][2]" xd:originalName="inp32" xd:direction="in" xd:interfaceRef="inp_3_2" xd:busTypeRef="register" xd:handshakeRef="ap_none" xd:dataWidth="8" xd:arraySize="1"/>
  <xd:arg xd:name="inp[3][3]" xd:originalName="inp33" xd:direction="in" xd:interfaceRef="inp_3_3" xd:busTypeRef="register" xd:handshakeRef="ap_none" xd:dataWidth="8" xd:arraySize="1"/>
  <xd:arg xd:name="inp[3][4]" xd:originalName="inp34" xd:direction="in" xd:interfaceRef="inp_3_4" xd:busTypeRef="register" xd:handshakeRef="ap_none" xd:dataWidth="8" xd:arraySize="1"/>
  <xd:arg xd:name="inp[3][5]" xd:originalName="inp35" xd:direction="in" xd:interfaceRef="inp_3_5" xd:busTypeRef="register" xd:handshakeRef="ap_none" xd:dataWidth="8" xd:arraySize="1"/>
  <xd:arg xd:name="inp[3][6]" xd:originalName="inp36" xd:direction="in" xd:interfaceRef="inp_3_6" xd:busTypeRef="register" xd:handshakeRef="ap_none" xd:dataWidth="8" xd:arraySize="1"/>
  <xd:arg xd:name="inp[3][7]" xd:originalName="inp37" xd:direction="in" xd:interfaceRef="inp_3_7" xd:busTypeRef="register" xd:handshakeRef="ap_none" xd:dataWidth="8" xd:arraySize="1"/>
  <xd:arg xd:name="inp[3][8]" xd:originalName="inp38" xd:direction="in" xd:interfaceRef="inp_3_8" xd:busTypeRef="register" xd:handshakeRef="ap_none" xd:dataWidth="8" xd:arraySize="1"/>
  <xd:arg xd:name="inp[3][9]" xd:originalName="inp39" xd:direction="in" xd:interfaceRef="inp_3_9" xd:busTypeRef="register" xd:handshakeRef="ap_none" xd:dataWidth="8" xd:arraySize="1"/>
  <xd:arg xd:name="inp[3][10]" xd:originalName="inp310" xd:direction="in" xd:interfaceRef="inp_3_10" xd:busTypeRef="register" xd:handshakeRef="ap_none" xd:dataWidth="8" xd:arraySize="1"/>
  <xd:arg xd:name="inp[3][11]" xd:originalName="inp311" xd:direction="in" xd:interfaceRef="inp_3_11" xd:busTypeRef="register" xd:handshakeRef="ap_none" xd:dataWidth="8" xd:arraySize="1"/>
  <xd:arg xd:name="inp[3][12]" xd:originalName="inp312" xd:direction="in" xd:interfaceRef="inp_3_12" xd:busTypeRef="register" xd:handshakeRef="ap_none" xd:dataWidth="8" xd:arraySize="1"/>
  <xd:arg xd:name="inp[3][13]" xd:originalName="inp313" xd:direction="in" xd:interfaceRef="inp_3_13" xd:busTypeRef="register" xd:handshakeRef="ap_none" xd:dataWidth="8" xd:arraySize="1"/>
  <xd:arg xd:name="inp[3][14]" xd:originalName="inp314" xd:direction="in" xd:interfaceRef="inp_3_14" xd:busTypeRef="register" xd:handshakeRef="ap_none" xd:dataWidth="8" xd:arraySize="1"/>
  <xd:arg xd:name="inp[4][0]" xd:originalName="inp40" xd:direction="in" xd:interfaceRef="inp_4_0" xd:busTypeRef="register" xd:handshakeRef="ap_none" xd:dataWidth="8" xd:arraySize="1"/>
  <xd:arg xd:name="inp[4][1]" xd:originalName="inp41" xd:direction="in" xd:interfaceRef="inp_4_1" xd:busTypeRef="register" xd:handshakeRef="ap_none" xd:dataWidth="8" xd:arraySize="1"/>
  <xd:arg xd:name="inp[4][2]" xd:originalName="inp42" xd:direction="in" xd:interfaceRef="inp_4_2" xd:busTypeRef="register" xd:handshakeRef="ap_none" xd:dataWidth="8" xd:arraySize="1"/>
  <xd:arg xd:name="inp[4][3]" xd:originalName="inp43" xd:direction="in" xd:interfaceRef="inp_4_3" xd:busTypeRef="register" xd:handshakeRef="ap_none" xd:dataWidth="8" xd:arraySize="1"/>
  <xd:arg xd:name="inp[4][4]" xd:originalName="inp44" xd:direction="in" xd:interfaceRef="inp_4_4" xd:busTypeRef="register" xd:handshakeRef="ap_none" xd:dataWidth="8" xd:arraySize="1"/>
  <xd:arg xd:name="inp[4][5]" xd:originalName="inp45" xd:direction="in" xd:interfaceRef="inp_4_5" xd:busTypeRef="register" xd:handshakeRef="ap_none" xd:dataWidth="8" xd:arraySize="1"/>
  <xd:arg xd:name="inp[4][6]" xd:originalName="inp46" xd:direction="in" xd:interfaceRef="inp_4_6" xd:busTypeRef="register" xd:handshakeRef="ap_none" xd:dataWidth="8" xd:arraySize="1"/>
  <xd:arg xd:name="inp[4][7]" xd:originalName="inp47" xd:direction="in" xd:interfaceRef="inp_4_7" xd:busTypeRef="register" xd:handshakeRef="ap_none" xd:dataWidth="8" xd:arraySize="1"/>
  <xd:arg xd:name="inp[4][8]" xd:originalName="inp48" xd:direction="in" xd:interfaceRef="inp_4_8" xd:busTypeRef="register" xd:handshakeRef="ap_none" xd:dataWidth="8" xd:arraySize="1"/>
  <xd:arg xd:name="inp[4][9]" xd:originalName="inp49" xd:direction="in" xd:interfaceRef="inp_4_9" xd:busTypeRef="register" xd:handshakeRef="ap_none" xd:dataWidth="8" xd:arraySize="1"/>
  <xd:arg xd:name="inp[4][10]" xd:originalName="inp410" xd:direction="in" xd:interfaceRef="inp_4_10" xd:busTypeRef="register" xd:handshakeRef="ap_none" xd:dataWidth="8" xd:arraySize="1"/>
  <xd:arg xd:name="inp[4][11]" xd:originalName="inp411" xd:direction="in" xd:interfaceRef="inp_4_11" xd:busTypeRef="register" xd:handshakeRef="ap_none" xd:dataWidth="8" xd:arraySize="1"/>
  <xd:arg xd:name="inp[4][12]" xd:originalName="inp412" xd:direction="in" xd:interfaceRef="inp_4_12" xd:busTypeRef="register" xd:handshakeRef="ap_none" xd:dataWidth="8" xd:arraySize="1"/>
  <xd:arg xd:name="inp[4][13]" xd:originalName="inp413" xd:direction="in" xd:interfaceRef="inp_4_13" xd:busTypeRef="register" xd:handshakeRef="ap_none" xd:dataWidth="8" xd:arraySize="1"/>
  <xd:arg xd:name="inp[4][14]" xd:originalName="inp414" xd:direction="in" xd:interfaceRef="inp_4_14" xd:busTypeRef="register" xd:handshakeRef="ap_none" xd:dataWidth="8" xd:arraySize="1"/>
  <xd:arg xd:name="inp[5][0]" xd:originalName="inp50" xd:direction="in" xd:interfaceRef="inp_5_0" xd:busTypeRef="register" xd:handshakeRef="ap_none" xd:dataWidth="8" xd:arraySize="1"/>
  <xd:arg xd:name="inp[5][1]" xd:originalName="inp51" xd:direction="in" xd:interfaceRef="inp_5_1" xd:busTypeRef="register" xd:handshakeRef="ap_none" xd:dataWidth="8" xd:arraySize="1"/>
  <xd:arg xd:name="inp[5][2]" xd:originalName="inp52" xd:direction="in" xd:interfaceRef="inp_5_2" xd:busTypeRef="register" xd:handshakeRef="ap_none" xd:dataWidth="8" xd:arraySize="1"/>
  <xd:arg xd:name="inp[5][3]" xd:originalName="inp53" xd:direction="in" xd:interfaceRef="inp_5_3" xd:busTypeRef="register" xd:handshakeRef="ap_none" xd:dataWidth="8" xd:arraySize="1"/>
  <xd:arg xd:name="inp[5][4]" xd:originalName="inp54" xd:direction="in" xd:interfaceRef="inp_5_4" xd:busTypeRef="register" xd:handshakeRef="ap_none" xd:dataWidth="8" xd:arraySize="1"/>
  <xd:arg xd:name="inp[5][5]" xd:originalName="inp55" xd:direction="in" xd:interfaceRef="inp_5_5" xd:busTypeRef="register" xd:handshakeRef="ap_none" xd:dataWidth="8" xd:arraySize="1"/>
  <xd:arg xd:name="inp[5][6]" xd:originalName="inp56" xd:direction="in" xd:interfaceRef="inp_5_6" xd:busTypeRef="register" xd:handshakeRef="ap_none" xd:dataWidth="8" xd:arraySize="1"/>
  <xd:arg xd:name="inp[5][7]" xd:originalName="inp57" xd:direction="in" xd:interfaceRef="inp_5_7" xd:busTypeRef="register" xd:handshakeRef="ap_none" xd:dataWidth="8" xd:arraySize="1"/>
  <xd:arg xd:name="inp[5][8]" xd:originalName="inp58" xd:direction="in" xd:interfaceRef="inp_5_8" xd:busTypeRef="register" xd:handshakeRef="ap_none" xd:dataWidth="8" xd:arraySize="1"/>
  <xd:arg xd:name="inp[5][9]" xd:originalName="inp59" xd:direction="in" xd:interfaceRef="inp_5_9" xd:busTypeRef="register" xd:handshakeRef="ap_none" xd:dataWidth="8" xd:arraySize="1"/>
  <xd:arg xd:name="inp[5][10]" xd:originalName="inp510" xd:direction="in" xd:interfaceRef="inp_5_10" xd:busTypeRef="register" xd:handshakeRef="ap_none" xd:dataWidth="8" xd:arraySize="1"/>
  <xd:arg xd:name="inp[5][11]" xd:originalName="inp511" xd:direction="in" xd:interfaceRef="inp_5_11" xd:busTypeRef="register" xd:handshakeRef="ap_none" xd:dataWidth="8" xd:arraySize="1"/>
  <xd:arg xd:name="inp[5][12]" xd:originalName="inp512" xd:direction="in" xd:interfaceRef="inp_5_12" xd:busTypeRef="register" xd:handshakeRef="ap_none" xd:dataWidth="8" xd:arraySize="1"/>
  <xd:arg xd:name="inp[5][13]" xd:originalName="inp513" xd:direction="in" xd:interfaceRef="inp_5_13" xd:busTypeRef="register" xd:handshakeRef="ap_none" xd:dataWidth="8" xd:arraySize="1"/>
  <xd:arg xd:name="inp[5][14]" xd:originalName="inp514" xd:direction="in" xd:interfaceRef="inp_5_14" xd:busTypeRef="register" xd:handshakeRef="ap_none" xd:dataWidth="8" xd:arraySize="1"/>
  <xd:arg xd:name="inp[6][0]" xd:originalName="inp60" xd:direction="in" xd:interfaceRef="inp_6_0" xd:busTypeRef="register" xd:handshakeRef="ap_none" xd:dataWidth="8" xd:arraySize="1"/>
  <xd:arg xd:name="inp[6][1]" xd:originalName="inp61" xd:direction="in" xd:interfaceRef="inp_6_1" xd:busTypeRef="register" xd:handshakeRef="ap_none" xd:dataWidth="8" xd:arraySize="1"/>
  <xd:arg xd:name="inp[6][2]" xd:originalName="inp62" xd:direction="in" xd:interfaceRef="inp_6_2" xd:busTypeRef="register" xd:handshakeRef="ap_none" xd:dataWidth="8" xd:arraySize="1"/>
  <xd:arg xd:name="inp[6][3]" xd:originalName="inp63" xd:direction="in" xd:interfaceRef="inp_6_3" xd:busTypeRef="register" xd:handshakeRef="ap_none" xd:dataWidth="8" xd:arraySize="1"/>
  <xd:arg xd:name="inp[6][4]" xd:originalName="inp64" xd:direction="in" xd:interfaceRef="inp_6_4" xd:busTypeRef="register" xd:handshakeRef="ap_none" xd:dataWidth="8" xd:arraySize="1"/>
  <xd:arg xd:name="inp[6][5]" xd:originalName="inp65" xd:direction="in" xd:interfaceRef="inp_6_5" xd:busTypeRef="register" xd:handshakeRef="ap_none" xd:dataWidth="8" xd:arraySize="1"/>
  <xd:arg xd:name="inp[6][6]" xd:originalName="inp66" xd:direction="in" xd:interfaceRef="inp_6_6" xd:busTypeRef="register" xd:handshakeRef="ap_none" xd:dataWidth="8" xd:arraySize="1"/>
  <xd:arg xd:name="inp[6][7]" xd:originalName="inp67" xd:direction="in" xd:interfaceRef="inp_6_7" xd:busTypeRef="register" xd:handshakeRef="ap_none" xd:dataWidth="8" xd:arraySize="1"/>
  <xd:arg xd:name="inp[6][8]" xd:originalName="inp68" xd:direction="in" xd:interfaceRef="inp_6_8" xd:busTypeRef="register" xd:handshakeRef="ap_none" xd:dataWidth="8" xd:arraySize="1"/>
  <xd:arg xd:name="inp[6][9]" xd:originalName="inp69" xd:direction="in" xd:interfaceRef="inp_6_9" xd:busTypeRef="register" xd:handshakeRef="ap_none" xd:dataWidth="8" xd:arraySize="1"/>
  <xd:arg xd:name="inp[6][10]" xd:originalName="inp610" xd:direction="in" xd:interfaceRef="inp_6_10" xd:busTypeRef="register" xd:handshakeRef="ap_none" xd:dataWidth="8" xd:arraySize="1"/>
  <xd:arg xd:name="inp[6][11]" xd:originalName="inp611" xd:direction="in" xd:interfaceRef="inp_6_11" xd:busTypeRef="register" xd:handshakeRef="ap_none" xd:dataWidth="8" xd:arraySize="1"/>
  <xd:arg xd:name="inp[6][12]" xd:originalName="inp612" xd:direction="in" xd:interfaceRef="inp_6_12" xd:busTypeRef="register" xd:handshakeRef="ap_none" xd:dataWidth="8" xd:arraySize="1"/>
  <xd:arg xd:name="inp[6][13]" xd:originalName="inp613" xd:direction="in" xd:interfaceRef="inp_6_13" xd:busTypeRef="register" xd:handshakeRef="ap_none" xd:dataWidth="8" xd:arraySize="1"/>
  <xd:arg xd:name="inp[6][14]" xd:originalName="inp614" xd:direction="in" xd:interfaceRef="inp_6_14" xd:busTypeRef="register" xd:handshakeRef="ap_none" xd:dataWidth="8" xd:arraySize="1"/>
  <xd:arg xd:name="inp[7][0]" xd:originalName="inp70" xd:direction="in" xd:interfaceRef="inp_7_0" xd:busTypeRef="register" xd:handshakeRef="ap_none" xd:dataWidth="8" xd:arraySize="1"/>
  <xd:arg xd:name="inp[7][1]" xd:originalName="inp71" xd:direction="in" xd:interfaceRef="inp_7_1" xd:busTypeRef="register" xd:handshakeRef="ap_none" xd:dataWidth="8" xd:arraySize="1"/>
  <xd:arg xd:name="inp[7][2]" xd:originalName="inp72" xd:direction="in" xd:interfaceRef="inp_7_2" xd:busTypeRef="register" xd:handshakeRef="ap_none" xd:dataWidth="8" xd:arraySize="1"/>
  <xd:arg xd:name="inp[7][3]" xd:originalName="inp73" xd:direction="in" xd:interfaceRef="inp_7_3" xd:busTypeRef="register" xd:handshakeRef="ap_none" xd:dataWidth="8" xd:arraySize="1"/>
  <xd:arg xd:name="inp[7][4]" xd:originalName="inp74" xd:direction="in" xd:interfaceRef="inp_7_4" xd:busTypeRef="register" xd:handshakeRef="ap_none" xd:dataWidth="8" xd:arraySize="1"/>
  <xd:arg xd:name="inp[7][5]" xd:originalName="inp75" xd:direction="in" xd:interfaceRef="inp_7_5" xd:busTypeRef="register" xd:handshakeRef="ap_none" xd:dataWidth="8" xd:arraySize="1"/>
  <xd:arg xd:name="inp[7][6]" xd:originalName="inp76" xd:direction="in" xd:interfaceRef="inp_7_6" xd:busTypeRef="register" xd:handshakeRef="ap_none" xd:dataWidth="8" xd:arraySize="1"/>
  <xd:arg xd:name="inp[7][7]" xd:originalName="inp77" xd:direction="in" xd:interfaceRef="inp_7_7" xd:busTypeRef="register" xd:handshakeRef="ap_none" xd:dataWidth="8" xd:arraySize="1"/>
  <xd:arg xd:name="inp[7][8]" xd:originalName="inp78" xd:direction="in" xd:interfaceRef="inp_7_8" xd:busTypeRef="register" xd:handshakeRef="ap_none" xd:dataWidth="8" xd:arraySize="1"/>
  <xd:arg xd:name="inp[7][9]" xd:originalName="inp79" xd:direction="in" xd:interfaceRef="inp_7_9" xd:busTypeRef="register" xd:handshakeRef="ap_none" xd:dataWidth="8" xd:arraySize="1"/>
  <xd:arg xd:name="inp[7][10]" xd:originalName="inp710" xd:direction="in" xd:interfaceRef="inp_7_10" xd:busTypeRef="register" xd:handshakeRef="ap_none" xd:dataWidth="8" xd:arraySize="1"/>
  <xd:arg xd:name="inp[7][11]" xd:originalName="inp711" xd:direction="in" xd:interfaceRef="inp_7_11" xd:busTypeRef="register" xd:handshakeRef="ap_none" xd:dataWidth="8" xd:arraySize="1"/>
  <xd:arg xd:name="inp[7][12]" xd:originalName="inp712" xd:direction="in" xd:interfaceRef="inp_7_12" xd:busTypeRef="register" xd:handshakeRef="ap_none" xd:dataWidth="8" xd:arraySize="1"/>
  <xd:arg xd:name="inp[7][13]" xd:originalName="inp713" xd:direction="in" xd:interfaceRef="inp_7_13" xd:busTypeRef="register" xd:handshakeRef="ap_none" xd:dataWidth="8" xd:arraySize="1"/>
  <xd:arg xd:name="inp[7][14]" xd:originalName="inp714" xd:direction="in" xd:interfaceRef="inp_7_14" xd:busTypeRef="register" xd:handshakeRef="ap_none" xd:dataWidth="8" xd:arraySize="1"/>
  <xd:arg xd:name="inp[8][0]" xd:originalName="inp80" xd:direction="in" xd:interfaceRef="inp_8_0" xd:busTypeRef="register" xd:handshakeRef="ap_none" xd:dataWidth="8" xd:arraySize="1"/>
  <xd:arg xd:name="inp[8][1]" xd:originalName="inp81" xd:direction="in" xd:interfaceRef="inp_8_1" xd:busTypeRef="register" xd:handshakeRef="ap_none" xd:dataWidth="8" xd:arraySize="1"/>
  <xd:arg xd:name="inp[8][2]" xd:originalName="inp82" xd:direction="in" xd:interfaceRef="inp_8_2" xd:busTypeRef="register" xd:handshakeRef="ap_none" xd:dataWidth="8" xd:arraySize="1"/>
  <xd:arg xd:name="inp[8][3]" xd:originalName="inp83" xd:direction="in" xd:interfaceRef="inp_8_3" xd:busTypeRef="register" xd:handshakeRef="ap_none" xd:dataWidth="8" xd:arraySize="1"/>
  <xd:arg xd:name="inp[8][4]" xd:originalName="inp84" xd:direction="in" xd:interfaceRef="inp_8_4" xd:busTypeRef="register" xd:handshakeRef="ap_none" xd:dataWidth="8" xd:arraySize="1"/>
  <xd:arg xd:name="inp[8][5]" xd:originalName="inp85" xd:direction="in" xd:interfaceRef="inp_8_5" xd:busTypeRef="register" xd:handshakeRef="ap_none" xd:dataWidth="8" xd:arraySize="1"/>
  <xd:arg xd:name="inp[8][6]" xd:originalName="inp86" xd:direction="in" xd:interfaceRef="inp_8_6" xd:busTypeRef="register" xd:handshakeRef="ap_none" xd:dataWidth="8" xd:arraySize="1"/>
  <xd:arg xd:name="inp[8][7]" xd:originalName="inp87" xd:direction="in" xd:interfaceRef="inp_8_7" xd:busTypeRef="register" xd:handshakeRef="ap_none" xd:dataWidth="8" xd:arraySize="1"/>
  <xd:arg xd:name="inp[8][8]" xd:originalName="inp88" xd:direction="in" xd:interfaceRef="inp_8_8" xd:busTypeRef="register" xd:handshakeRef="ap_none" xd:dataWidth="8" xd:arraySize="1"/>
  <xd:arg xd:name="inp[8][9]" xd:originalName="inp89" xd:direction="in" xd:interfaceRef="inp_8_9" xd:busTypeRef="register" xd:handshakeRef="ap_none" xd:dataWidth="8" xd:arraySize="1"/>
  <xd:arg xd:name="inp[8][10]" xd:originalName="inp810" xd:direction="in" xd:interfaceRef="inp_8_10" xd:busTypeRef="register" xd:handshakeRef="ap_none" xd:dataWidth="8" xd:arraySize="1"/>
  <xd:arg xd:name="inp[8][11]" xd:originalName="inp811" xd:direction="in" xd:interfaceRef="inp_8_11" xd:busTypeRef="register" xd:handshakeRef="ap_none" xd:dataWidth="8" xd:arraySize="1"/>
  <xd:arg xd:name="inp[8][12]" xd:originalName="inp812" xd:direction="in" xd:interfaceRef="inp_8_12" xd:busTypeRef="register" xd:handshakeRef="ap_none" xd:dataWidth="8" xd:arraySize="1"/>
  <xd:arg xd:name="inp[8][13]" xd:originalName="inp813" xd:direction="in" xd:interfaceRef="inp_8_13" xd:busTypeRef="register" xd:handshakeRef="ap_none" xd:dataWidth="8" xd:arraySize="1"/>
  <xd:arg xd:name="inp[8][14]" xd:originalName="inp814" xd:direction="in" xd:interfaceRef="inp_8_14" xd:busTypeRef="register" xd:handshakeRef="ap_none" xd:dataWidth="8" xd:arraySize="1"/>
  <xd:arg xd:name="inp[9][0]" xd:originalName="inp90" xd:direction="in" xd:interfaceRef="inp_9_0" xd:busTypeRef="register" xd:handshakeRef="ap_none" xd:dataWidth="8" xd:arraySize="1"/>
  <xd:arg xd:name="inp[9][1]" xd:originalName="inp91" xd:direction="in" xd:interfaceRef="inp_9_1" xd:busTypeRef="register" xd:handshakeRef="ap_none" xd:dataWidth="8" xd:arraySize="1"/>
  <xd:arg xd:name="inp[9][2]" xd:originalName="inp92" xd:direction="in" xd:interfaceRef="inp_9_2" xd:busTypeRef="register" xd:handshakeRef="ap_none" xd:dataWidth="8" xd:arraySize="1"/>
  <xd:arg xd:name="inp[9][3]" xd:originalName="inp93" xd:direction="in" xd:interfaceRef="inp_9_3" xd:busTypeRef="register" xd:handshakeRef="ap_none" xd:dataWidth="8" xd:arraySize="1"/>
  <xd:arg xd:name="inp[9][4]" xd:originalName="inp94" xd:direction="in" xd:interfaceRef="inp_9_4" xd:busTypeRef="register" xd:handshakeRef="ap_none" xd:dataWidth="8" xd:arraySize="1"/>
  <xd:arg xd:name="inp[9][5]" xd:originalName="inp95" xd:direction="in" xd:interfaceRef="inp_9_5" xd:busTypeRef="register" xd:handshakeRef="ap_none" xd:dataWidth="8" xd:arraySize="1"/>
  <xd:arg xd:name="inp[9][6]" xd:originalName="inp96" xd:direction="in" xd:interfaceRef="inp_9_6" xd:busTypeRef="register" xd:handshakeRef="ap_none" xd:dataWidth="8" xd:arraySize="1"/>
  <xd:arg xd:name="inp[9][7]" xd:originalName="inp97" xd:direction="in" xd:interfaceRef="inp_9_7" xd:busTypeRef="register" xd:handshakeRef="ap_none" xd:dataWidth="8" xd:arraySize="1"/>
  <xd:arg xd:name="inp[9][8]" xd:originalName="inp98" xd:direction="in" xd:interfaceRef="inp_9_8" xd:busTypeRef="register" xd:handshakeRef="ap_none" xd:dataWidth="8" xd:arraySize="1"/>
  <xd:arg xd:name="inp[9][9]" xd:originalName="inp99" xd:direction="in" xd:interfaceRef="inp_9_9" xd:busTypeRef="register" xd:handshakeRef="ap_none" xd:dataWidth="8" xd:arraySize="1"/>
  <xd:arg xd:name="inp[9][10]" xd:originalName="inp910" xd:direction="in" xd:interfaceRef="inp_9_10" xd:busTypeRef="register" xd:handshakeRef="ap_none" xd:dataWidth="8" xd:arraySize="1"/>
  <xd:arg xd:name="inp[9][11]" xd:originalName="inp911" xd:direction="in" xd:interfaceRef="inp_9_11" xd:busTypeRef="register" xd:handshakeRef="ap_none" xd:dataWidth="8" xd:arraySize="1"/>
  <xd:arg xd:name="inp[9][12]" xd:originalName="inp912" xd:direction="in" xd:interfaceRef="inp_9_12" xd:busTypeRef="register" xd:handshakeRef="ap_none" xd:dataWidth="8" xd:arraySize="1"/>
  <xd:arg xd:name="inp[9][13]" xd:originalName="inp913" xd:direction="in" xd:interfaceRef="inp_9_13" xd:busTypeRef="register" xd:handshakeRef="ap_none" xd:dataWidth="8" xd:arraySize="1"/>
  <xd:arg xd:name="inp[9][14]" xd:originalName="inp914" xd:direction="in" xd:interfaceRef="inp_9_14" xd:busTypeRef="register" xd:handshakeRef="ap_none" xd:dataWidth="8" xd:arraySize="1"/>
  <xd:arg xd:name="inp[10][0]" xd:originalName="inp100" xd:direction="in" xd:interfaceRef="inp_10_0" xd:busTypeRef="register" xd:handshakeRef="ap_none" xd:dataWidth="8" xd:arraySize="1"/>
  <xd:arg xd:name="inp[10][1]" xd:originalName="inp101" xd:direction="in" xd:interfaceRef="inp_10_1" xd:busTypeRef="register" xd:handshakeRef="ap_none" xd:dataWidth="8" xd:arraySize="1"/>
  <xd:arg xd:name="inp[10][2]" xd:originalName="inp102" xd:direction="in" xd:interfaceRef="inp_10_2" xd:busTypeRef="register" xd:handshakeRef="ap_none" xd:dataWidth="8" xd:arraySize="1"/>
  <xd:arg xd:name="inp[10][3]" xd:originalName="inp103" xd:direction="in" xd:interfaceRef="inp_10_3" xd:busTypeRef="register" xd:handshakeRef="ap_none" xd:dataWidth="8" xd:arraySize="1"/>
  <xd:arg xd:name="inp[10][4]" xd:originalName="inp104" xd:direction="in" xd:interfaceRef="inp_10_4" xd:busTypeRef="register" xd:handshakeRef="ap_none" xd:dataWidth="8" xd:arraySize="1"/>
  <xd:arg xd:name="inp[10][5]" xd:originalName="inp105" xd:direction="in" xd:interfaceRef="inp_10_5" xd:busTypeRef="register" xd:handshakeRef="ap_none" xd:dataWidth="8" xd:arraySize="1"/>
  <xd:arg xd:name="inp[10][6]" xd:originalName="inp106" xd:direction="in" xd:interfaceRef="inp_10_6" xd:busTypeRef="register" xd:handshakeRef="ap_none" xd:dataWidth="8" xd:arraySize="1"/>
  <xd:arg xd:name="inp[10][7]" xd:originalName="inp107" xd:direction="in" xd:interfaceRef="inp_10_7" xd:busTypeRef="register" xd:handshakeRef="ap_none" xd:dataWidth="8" xd:arraySize="1"/>
  <xd:arg xd:name="inp[10][8]" xd:originalName="inp108" xd:direction="in" xd:interfaceRef="inp_10_8" xd:busTypeRef="register" xd:handshakeRef="ap_none" xd:dataWidth="8" xd:arraySize="1"/>
  <xd:arg xd:name="inp[10][9]" xd:originalName="inp109" xd:direction="in" xd:interfaceRef="inp_10_9" xd:busTypeRef="register" xd:handshakeRef="ap_none" xd:dataWidth="8" xd:arraySize="1"/>
  <xd:arg xd:name="inp[10][10]" xd:originalName="inp1010" xd:direction="in" xd:interfaceRef="inp_10_10" xd:busTypeRef="register" xd:handshakeRef="ap_none" xd:dataWidth="8" xd:arraySize="1"/>
  <xd:arg xd:name="inp[10][11]" xd:originalName="inp1011" xd:direction="in" xd:interfaceRef="inp_10_11" xd:busTypeRef="register" xd:handshakeRef="ap_none" xd:dataWidth="8" xd:arraySize="1"/>
  <xd:arg xd:name="inp[10][12]" xd:originalName="inp1012" xd:direction="in" xd:interfaceRef="inp_10_12" xd:busTypeRef="register" xd:handshakeRef="ap_none" xd:dataWidth="8" xd:arraySize="1"/>
  <xd:arg xd:name="inp[10][13]" xd:originalName="inp1013" xd:direction="in" xd:interfaceRef="inp_10_13" xd:busTypeRef="register" xd:handshakeRef="ap_none" xd:dataWidth="8" xd:arraySize="1"/>
  <xd:arg xd:name="inp[10][14]" xd:originalName="inp1014" xd:direction="in" xd:interfaceRef="inp_10_14" xd:busTypeRef="register" xd:handshakeRef="ap_none" xd:dataWidth="8" xd:arraySize="1"/>
  <xd:arg xd:name="inp[11][0]" xd:originalName="inp110" xd:direction="in" xd:interfaceRef="inp_11_0" xd:busTypeRef="register" xd:handshakeRef="ap_none" xd:dataWidth="8" xd:arraySize="1"/>
  <xd:arg xd:name="inp[11][1]" xd:originalName="inp111" xd:direction="in" xd:interfaceRef="inp_11_1" xd:busTypeRef="register" xd:handshakeRef="ap_none" xd:dataWidth="8" xd:arraySize="1"/>
  <xd:arg xd:name="inp[11][2]" xd:originalName="inp112" xd:direction="in" xd:interfaceRef="inp_11_2" xd:busTypeRef="register" xd:handshakeRef="ap_none" xd:dataWidth="8" xd:arraySize="1"/>
  <xd:arg xd:name="inp[11][3]" xd:originalName="inp113" xd:direction="in" xd:interfaceRef="inp_11_3" xd:busTypeRef="register" xd:handshakeRef="ap_none" xd:dataWidth="8" xd:arraySize="1"/>
  <xd:arg xd:name="inp[11][4]" xd:originalName="inp114" xd:direction="in" xd:interfaceRef="inp_11_4" xd:busTypeRef="register" xd:handshakeRef="ap_none" xd:dataWidth="8" xd:arraySize="1"/>
  <xd:arg xd:name="inp[11][5]" xd:originalName="inp115" xd:direction="in" xd:interfaceRef="inp_11_5" xd:busTypeRef="register" xd:handshakeRef="ap_none" xd:dataWidth="8" xd:arraySize="1"/>
  <xd:arg xd:name="inp[11][6]" xd:originalName="inp116" xd:direction="in" xd:interfaceRef="inp_11_6" xd:busTypeRef="register" xd:handshakeRef="ap_none" xd:dataWidth="8" xd:arraySize="1"/>
  <xd:arg xd:name="inp[11][7]" xd:originalName="inp117" xd:direction="in" xd:interfaceRef="inp_11_7" xd:busTypeRef="register" xd:handshakeRef="ap_none" xd:dataWidth="8" xd:arraySize="1"/>
  <xd:arg xd:name="inp[11][8]" xd:originalName="inp118" xd:direction="in" xd:interfaceRef="inp_11_8" xd:busTypeRef="register" xd:handshakeRef="ap_none" xd:dataWidth="8" xd:arraySize="1"/>
  <xd:arg xd:name="inp[11][9]" xd:originalName="inp119" xd:direction="in" xd:interfaceRef="inp_11_9" xd:busTypeRef="register" xd:handshakeRef="ap_none" xd:dataWidth="8" xd:arraySize="1"/>
  <xd:arg xd:name="inp[11][10]" xd:originalName="inp1110" xd:direction="in" xd:interfaceRef="inp_11_10" xd:busTypeRef="register" xd:handshakeRef="ap_none" xd:dataWidth="8" xd:arraySize="1"/>
  <xd:arg xd:name="inp[11][11]" xd:originalName="inp1111" xd:direction="in" xd:interfaceRef="inp_11_11" xd:busTypeRef="register" xd:handshakeRef="ap_none" xd:dataWidth="8" xd:arraySize="1"/>
  <xd:arg xd:name="inp[11][12]" xd:originalName="inp1112" xd:direction="in" xd:interfaceRef="inp_11_12" xd:busTypeRef="register" xd:handshakeRef="ap_none" xd:dataWidth="8" xd:arraySize="1"/>
  <xd:arg xd:name="inp[11][13]" xd:originalName="inp1113" xd:direction="in" xd:interfaceRef="inp_11_13" xd:busTypeRef="register" xd:handshakeRef="ap_none" xd:dataWidth="8" xd:arraySize="1"/>
  <xd:arg xd:name="inp[11][14]" xd:originalName="inp1114" xd:direction="in" xd:interfaceRef="inp_11_14" xd:busTypeRef="register" xd:handshakeRef="ap_none" xd:dataWidth="8" xd:arraySize="1"/>
  <xd:arg xd:name="inp[12][0]" xd:originalName="inp120" xd:direction="in" xd:interfaceRef="inp_12_0" xd:busTypeRef="register" xd:handshakeRef="ap_none" xd:dataWidth="8" xd:arraySize="1"/>
  <xd:arg xd:name="inp[12][1]" xd:originalName="inp121" xd:direction="in" xd:interfaceRef="inp_12_1" xd:busTypeRef="register" xd:handshakeRef="ap_none" xd:dataWidth="8" xd:arraySize="1"/>
  <xd:arg xd:name="inp[12][2]" xd:originalName="inp122" xd:direction="in" xd:interfaceRef="inp_12_2" xd:busTypeRef="register" xd:handshakeRef="ap_none" xd:dataWidth="8" xd:arraySize="1"/>
  <xd:arg xd:name="inp[12][3]" xd:originalName="inp123" xd:direction="in" xd:interfaceRef="inp_12_3" xd:busTypeRef="register" xd:handshakeRef="ap_none" xd:dataWidth="8" xd:arraySize="1"/>
  <xd:arg xd:name="inp[12][4]" xd:originalName="inp124" xd:direction="in" xd:interfaceRef="inp_12_4" xd:busTypeRef="register" xd:handshakeRef="ap_none" xd:dataWidth="8" xd:arraySize="1"/>
  <xd:arg xd:name="inp[12][5]" xd:originalName="inp125" xd:direction="in" xd:interfaceRef="inp_12_5" xd:busTypeRef="register" xd:handshakeRef="ap_none" xd:dataWidth="8" xd:arraySize="1"/>
  <xd:arg xd:name="inp[12][6]" xd:originalName="inp126" xd:direction="in" xd:interfaceRef="inp_12_6" xd:busTypeRef="register" xd:handshakeRef="ap_none" xd:dataWidth="8" xd:arraySize="1"/>
  <xd:arg xd:name="inp[12][7]" xd:originalName="inp127" xd:direction="in" xd:interfaceRef="inp_12_7" xd:busTypeRef="register" xd:handshakeRef="ap_none" xd:dataWidth="8" xd:arraySize="1"/>
  <xd:arg xd:name="inp[12][8]" xd:originalName="inp128" xd:direction="in" xd:interfaceRef="inp_12_8" xd:busTypeRef="register" xd:handshakeRef="ap_none" xd:dataWidth="8" xd:arraySize="1"/>
  <xd:arg xd:name="inp[12][9]" xd:originalName="inp129" xd:direction="in" xd:interfaceRef="inp_12_9" xd:busTypeRef="register" xd:handshakeRef="ap_none" xd:dataWidth="8" xd:arraySize="1"/>
  <xd:arg xd:name="inp[12][10]" xd:originalName="inp1210" xd:direction="in" xd:interfaceRef="inp_12_10" xd:busTypeRef="register" xd:handshakeRef="ap_none" xd:dataWidth="8" xd:arraySize="1"/>
  <xd:arg xd:name="inp[12][11]" xd:originalName="inp1211" xd:direction="in" xd:interfaceRef="inp_12_11" xd:busTypeRef="register" xd:handshakeRef="ap_none" xd:dataWidth="8" xd:arraySize="1"/>
  <xd:arg xd:name="inp[12][12]" xd:originalName="inp1212" xd:direction="in" xd:interfaceRef="inp_12_12" xd:busTypeRef="register" xd:handshakeRef="ap_none" xd:dataWidth="8" xd:arraySize="1"/>
  <xd:arg xd:name="inp[12][13]" xd:originalName="inp1213" xd:direction="in" xd:interfaceRef="inp_12_13" xd:busTypeRef="register" xd:handshakeRef="ap_none" xd:dataWidth="8" xd:arraySize="1"/>
  <xd:arg xd:name="inp[12][14]" xd:originalName="inp1214" xd:direction="in" xd:interfaceRef="inp_12_14" xd:busTypeRef="register" xd:handshakeRef="ap_none" xd:dataWidth="8" xd:arraySize="1"/>
  <xd:arg xd:name="inp[13][0]" xd:originalName="inp130" xd:direction="in" xd:interfaceRef="inp_13_0" xd:busTypeRef="register" xd:handshakeRef="ap_none" xd:dataWidth="8" xd:arraySize="1"/>
  <xd:arg xd:name="inp[13][1]" xd:originalName="inp131" xd:direction="in" xd:interfaceRef="inp_13_1" xd:busTypeRef="register" xd:handshakeRef="ap_none" xd:dataWidth="8" xd:arraySize="1"/>
  <xd:arg xd:name="inp[13][2]" xd:originalName="inp132" xd:direction="in" xd:interfaceRef="inp_13_2" xd:busTypeRef="register" xd:handshakeRef="ap_none" xd:dataWidth="8" xd:arraySize="1"/>
  <xd:arg xd:name="inp[13][3]" xd:originalName="inp133" xd:direction="in" xd:interfaceRef="inp_13_3" xd:busTypeRef="register" xd:handshakeRef="ap_none" xd:dataWidth="8" xd:arraySize="1"/>
  <xd:arg xd:name="inp[13][4]" xd:originalName="inp134" xd:direction="in" xd:interfaceRef="inp_13_4" xd:busTypeRef="register" xd:handshakeRef="ap_none" xd:dataWidth="8" xd:arraySize="1"/>
  <xd:arg xd:name="inp[13][5]" xd:originalName="inp135" xd:direction="in" xd:interfaceRef="inp_13_5" xd:busTypeRef="register" xd:handshakeRef="ap_none" xd:dataWidth="8" xd:arraySize="1"/>
  <xd:arg xd:name="inp[13][6]" xd:originalName="inp136" xd:direction="in" xd:interfaceRef="inp_13_6" xd:busTypeRef="register" xd:handshakeRef="ap_none" xd:dataWidth="8" xd:arraySize="1"/>
  <xd:arg xd:name="inp[13][7]" xd:originalName="inp137" xd:direction="in" xd:interfaceRef="inp_13_7" xd:busTypeRef="register" xd:handshakeRef="ap_none" xd:dataWidth="8" xd:arraySize="1"/>
  <xd:arg xd:name="inp[13][8]" xd:originalName="inp138" xd:direction="in" xd:interfaceRef="inp_13_8" xd:busTypeRef="register" xd:handshakeRef="ap_none" xd:dataWidth="8" xd:arraySize="1"/>
  <xd:arg xd:name="inp[13][9]" xd:originalName="inp139" xd:direction="in" xd:interfaceRef="inp_13_9" xd:busTypeRef="register" xd:handshakeRef="ap_none" xd:dataWidth="8" xd:arraySize="1"/>
  <xd:arg xd:name="inp[13][10]" xd:originalName="inp1310" xd:direction="in" xd:interfaceRef="inp_13_10" xd:busTypeRef="register" xd:handshakeRef="ap_none" xd:dataWidth="8" xd:arraySize="1"/>
  <xd:arg xd:name="inp[13][11]" xd:originalName="inp1311" xd:direction="in" xd:interfaceRef="inp_13_11" xd:busTypeRef="register" xd:handshakeRef="ap_none" xd:dataWidth="8" xd:arraySize="1"/>
  <xd:arg xd:name="inp[13][12]" xd:originalName="inp1312" xd:direction="in" xd:interfaceRef="inp_13_12" xd:busTypeRef="register" xd:handshakeRef="ap_none" xd:dataWidth="8" xd:arraySize="1"/>
  <xd:arg xd:name="inp[13][13]" xd:originalName="inp1313" xd:direction="in" xd:interfaceRef="inp_13_13" xd:busTypeRef="register" xd:handshakeRef="ap_none" xd:dataWidth="8" xd:arraySize="1"/>
  <xd:arg xd:name="inp[13][14]" xd:originalName="inp1314" xd:direction="in" xd:interfaceRef="inp_13_14" xd:busTypeRef="register" xd:handshakeRef="ap_none" xd:dataWidth="8" xd:arraySize="1"/>
  <xd:arg xd:name="inp[14][0]" xd:originalName="inp140" xd:direction="in" xd:interfaceRef="inp_14_0" xd:busTypeRef="register" xd:handshakeRef="ap_none" xd:dataWidth="8" xd:arraySize="1"/>
  <xd:arg xd:name="inp[14][1]" xd:originalName="inp141" xd:direction="in" xd:interfaceRef="inp_14_1" xd:busTypeRef="register" xd:handshakeRef="ap_none" xd:dataWidth="8" xd:arraySize="1"/>
  <xd:arg xd:name="inp[14][2]" xd:originalName="inp142" xd:direction="in" xd:interfaceRef="inp_14_2" xd:busTypeRef="register" xd:handshakeRef="ap_none" xd:dataWidth="8" xd:arraySize="1"/>
  <xd:arg xd:name="inp[14][3]" xd:originalName="inp143" xd:direction="in" xd:interfaceRef="inp_14_3" xd:busTypeRef="register" xd:handshakeRef="ap_none" xd:dataWidth="8" xd:arraySize="1"/>
  <xd:arg xd:name="inp[14][4]" xd:originalName="inp144" xd:direction="in" xd:interfaceRef="inp_14_4" xd:busTypeRef="register" xd:handshakeRef="ap_none" xd:dataWidth="8" xd:arraySize="1"/>
  <xd:arg xd:name="inp[14][5]" xd:originalName="inp145" xd:direction="in" xd:interfaceRef="inp_14_5" xd:busTypeRef="register" xd:handshakeRef="ap_none" xd:dataWidth="8" xd:arraySize="1"/>
  <xd:arg xd:name="inp[14][6]" xd:originalName="inp146" xd:direction="in" xd:interfaceRef="inp_14_6" xd:busTypeRef="register" xd:handshakeRef="ap_none" xd:dataWidth="8" xd:arraySize="1"/>
  <xd:arg xd:name="inp[14][7]" xd:originalName="inp147" xd:direction="in" xd:interfaceRef="inp_14_7" xd:busTypeRef="register" xd:handshakeRef="ap_none" xd:dataWidth="8" xd:arraySize="1"/>
  <xd:arg xd:name="inp[14][8]" xd:originalName="inp148" xd:direction="in" xd:interfaceRef="inp_14_8" xd:busTypeRef="register" xd:handshakeRef="ap_none" xd:dataWidth="8" xd:arraySize="1"/>
  <xd:arg xd:name="inp[14][9]" xd:originalName="inp149" xd:direction="in" xd:interfaceRef="inp_14_9" xd:busTypeRef="register" xd:handshakeRef="ap_none" xd:dataWidth="8" xd:arraySize="1"/>
  <xd:arg xd:name="inp[14][10]" xd:originalName="inp1410" xd:direction="in" xd:interfaceRef="inp_14_10" xd:busTypeRef="register" xd:handshakeRef="ap_none" xd:dataWidth="8" xd:arraySize="1"/>
  <xd:arg xd:name="inp[14][11]" xd:originalName="inp1411" xd:direction="in" xd:interfaceRef="inp_14_11" xd:busTypeRef="register" xd:handshakeRef="ap_none" xd:dataWidth="8" xd:arraySize="1"/>
  <xd:arg xd:name="inp[14][12]" xd:originalName="inp1412" xd:direction="in" xd:interfaceRef="inp_14_12" xd:busTypeRef="register" xd:handshakeRef="ap_none" xd:dataWidth="8" xd:arraySize="1"/>
  <xd:arg xd:name="inp[14][13]" xd:originalName="inp1413" xd:direction="in" xd:interfaceRef="inp_14_13" xd:busTypeRef="register" xd:handshakeRef="ap_none" xd:dataWidth="8" xd:arraySize="1"/>
  <xd:arg xd:name="inp[14][14]" xd:originalName="inp1414" xd:direction="in" xd:interfaceRef="inp_14_14" xd:busTypeRef="register" xd:handshakeRef="ap_none" xd:dataWidth="8" xd:arraySize="1"/>
  <xd:arg xd:name="outp[0][0]" xd:originalName="outp00" xd:direction="out" xd:interfaceRef="outp_0_0" xd:busTypeRef="register" xd:handshakeRef="ap_vld" xd:dataWidth="16" xd:firstOut="4" xd:arraySize="1"/>
  <xd:arg xd:name="outp[0][1]" xd:originalName="outp01" xd:direction="out" xd:interfaceRef="outp_0_1" xd:busTypeRef="register" xd:handshakeRef="ap_vld" xd:dataWidth="16" xd:firstOut="4" xd:arraySize="1"/>
  <xd:arg xd:name="outp[0][2]" xd:originalName="outp02" xd:direction="out" xd:interfaceRef="outp_0_2" xd:busTypeRef="register" xd:handshakeRef="ap_vld" xd:dataWidth="16" xd:firstOut="4" xd:arraySize="1"/>
  <xd:arg xd:name="outp[0][3]" xd:originalName="outp03" xd:direction="out" xd:interfaceRef="outp_0_3" xd:busTypeRef="register" xd:handshakeRef="ap_vld" xd:dataWidth="16" xd:firstOut="4" xd:arraySize="1"/>
  <xd:arg xd:name="outp[0][4]" xd:originalName="outp04" xd:direction="out" xd:interfaceRef="outp_0_4" xd:busTypeRef="register" xd:handshakeRef="ap_vld" xd:dataWidth="16" xd:firstOut="4" xd:arraySize="1"/>
  <xd:arg xd:name="outp[0][5]" xd:originalName="outp05" xd:direction="out" xd:interfaceRef="outp_0_5" xd:busTypeRef="register" xd:handshakeRef="ap_vld" xd:dataWidth="16" xd:firstOut="4" xd:arraySize="1"/>
  <xd:arg xd:name="outp[0][6]" xd:originalName="outp06" xd:direction="out" xd:interfaceRef="outp_0_6" xd:busTypeRef="register" xd:handshakeRef="ap_vld" xd:dataWidth="16" xd:firstOut="4" xd:arraySize="1"/>
  <xd:arg xd:name="outp[0][7]" xd:originalName="outp07" xd:direction="out" xd:interfaceRef="outp_0_7" xd:busTypeRef="register" xd:handshakeRef="ap_vld" xd:dataWidth="16" xd:firstOut="4" xd:arraySize="1"/>
  <xd:arg xd:name="outp[0][8]" xd:originalName="outp08" xd:direction="out" xd:interfaceRef="outp_0_8" xd:busTypeRef="register" xd:handshakeRef="ap_vld" xd:dataWidth="16" xd:firstOut="4" xd:arraySize="1"/>
  <xd:arg xd:name="outp[0][9]" xd:originalName="outp09" xd:direction="out" xd:interfaceRef="outp_0_9" xd:busTypeRef="register" xd:handshakeRef="ap_vld" xd:dataWidth="16" xd:firstOut="4" xd:arraySize="1"/>
  <xd:arg xd:name="outp[0][10]" xd:originalName="outp010" xd:direction="out" xd:interfaceRef="outp_0_10" xd:busTypeRef="register" xd:handshakeRef="ap_vld" xd:dataWidth="16" xd:firstOut="4" xd:arraySize="1"/>
  <xd:arg xd:name="outp[1][0]" xd:originalName="outp10" xd:direction="out" xd:interfaceRef="outp_1_0" xd:busTypeRef="register" xd:handshakeRef="ap_vld" xd:dataWidth="16" xd:firstOut="4" xd:arraySize="1"/>
  <xd:arg xd:name="outp[1][1]" xd:originalName="outp11" xd:direction="out" xd:interfaceRef="outp_1_1" xd:busTypeRef="register" xd:handshakeRef="ap_vld" xd:dataWidth="16" xd:firstOut="4" xd:arraySize="1"/>
  <xd:arg xd:name="outp[1][2]" xd:originalName="outp12" xd:direction="out" xd:interfaceRef="outp_1_2" xd:busTypeRef="register" xd:handshakeRef="ap_vld" xd:dataWidth="16" xd:firstOut="4" xd:arraySize="1"/>
  <xd:arg xd:name="outp[1][3]" xd:originalName="outp13" xd:direction="out" xd:interfaceRef="outp_1_3" xd:busTypeRef="register" xd:handshakeRef="ap_vld" xd:dataWidth="16" xd:firstOut="4" xd:arraySize="1"/>
  <xd:arg xd:name="outp[1][4]" xd:originalName="outp14" xd:direction="out" xd:interfaceRef="outp_1_4" xd:busTypeRef="register" xd:handshakeRef="ap_vld" xd:dataWidth="16" xd:firstOut="4" xd:arraySize="1"/>
  <xd:arg xd:name="outp[1][5]" xd:originalName="outp15" xd:direction="out" xd:interfaceRef="outp_1_5" xd:busTypeRef="register" xd:handshakeRef="ap_vld" xd:dataWidth="16" xd:firstOut="4" xd:arraySize="1"/>
  <xd:arg xd:name="outp[1][6]" xd:originalName="outp16" xd:direction="out" xd:interfaceRef="outp_1_6" xd:busTypeRef="register" xd:handshakeRef="ap_vld" xd:dataWidth="16" xd:firstOut="4" xd:arraySize="1"/>
  <xd:arg xd:name="outp[1][7]" xd:originalName="outp17" xd:direction="out" xd:interfaceRef="outp_1_7" xd:busTypeRef="register" xd:handshakeRef="ap_vld" xd:dataWidth="16" xd:firstOut="4" xd:arraySize="1"/>
  <xd:arg xd:name="outp[1][8]" xd:originalName="outp18" xd:direction="out" xd:interfaceRef="outp_1_8" xd:busTypeRef="register" xd:handshakeRef="ap_vld" xd:dataWidth="16" xd:firstOut="4" xd:arraySize="1"/>
  <xd:arg xd:name="outp[1][9]" xd:originalName="outp19" xd:direction="out" xd:interfaceRef="outp_1_9" xd:busTypeRef="register" xd:handshakeRef="ap_vld" xd:dataWidth="16" xd:firstOut="4" xd:arraySize="1"/>
  <xd:arg xd:name="outp[1][10]" xd:originalName="outp110" xd:direction="out" xd:interfaceRef="outp_1_10" xd:busTypeRef="register" xd:handshakeRef="ap_vld" xd:dataWidth="16" xd:firstOut="4" xd:arraySize="1"/>
  <xd:arg xd:name="outp[2][0]" xd:originalName="outp20" xd:direction="out" xd:interfaceRef="outp_2_0" xd:busTypeRef="register" xd:handshakeRef="ap_vld" xd:dataWidth="16" xd:firstOut="4" xd:arraySize="1"/>
  <xd:arg xd:name="outp[2][1]" xd:originalName="outp21" xd:direction="out" xd:interfaceRef="outp_2_1" xd:busTypeRef="register" xd:handshakeRef="ap_vld" xd:dataWidth="16" xd:firstOut="4" xd:arraySize="1"/>
  <xd:arg xd:name="outp[2][2]" xd:originalName="outp22" xd:direction="out" xd:interfaceRef="outp_2_2" xd:busTypeRef="register" xd:handshakeRef="ap_vld" xd:dataWidth="16" xd:firstOut="4" xd:arraySize="1"/>
  <xd:arg xd:name="outp[2][3]" xd:originalName="outp23" xd:direction="out" xd:interfaceRef="outp_2_3" xd:busTypeRef="register" xd:handshakeRef="ap_vld" xd:dataWidth="16" xd:firstOut="4" xd:arraySize="1"/>
  <xd:arg xd:name="outp[2][4]" xd:originalName="outp24" xd:direction="out" xd:interfaceRef="outp_2_4" xd:busTypeRef="register" xd:handshakeRef="ap_vld" xd:dataWidth="16" xd:firstOut="4" xd:arraySize="1"/>
  <xd:arg xd:name="outp[2][5]" xd:originalName="outp25" xd:direction="out" xd:interfaceRef="outp_2_5" xd:busTypeRef="register" xd:handshakeRef="ap_vld" xd:dataWidth="16" xd:firstOut="4" xd:arraySize="1"/>
  <xd:arg xd:name="outp[2][6]" xd:originalName="outp26" xd:direction="out" xd:interfaceRef="outp_2_6" xd:busTypeRef="register" xd:handshakeRef="ap_vld" xd:dataWidth="16" xd:firstOut="4" xd:arraySize="1"/>
  <xd:arg xd:name="outp[2][7]" xd:originalName="outp27" xd:direction="out" xd:interfaceRef="outp_2_7" xd:busTypeRef="register" xd:handshakeRef="ap_vld" xd:dataWidth="16" xd:firstOut="4" xd:arraySize="1"/>
  <xd:arg xd:name="outp[2][8]" xd:originalName="outp28" xd:direction="out" xd:interfaceRef="outp_2_8" xd:busTypeRef="register" xd:handshakeRef="ap_vld" xd:dataWidth="16" xd:firstOut="4" xd:arraySize="1"/>
  <xd:arg xd:name="outp[2][9]" xd:originalName="outp29" xd:direction="out" xd:interfaceRef="outp_2_9" xd:busTypeRef="register" xd:handshakeRef="ap_vld" xd:dataWidth="16" xd:firstOut="4" xd:arraySize="1"/>
  <xd:arg xd:name="outp[2][10]" xd:originalName="outp210" xd:direction="out" xd:interfaceRef="outp_2_10" xd:busTypeRef="register" xd:handshakeRef="ap_vld" xd:dataWidth="16" xd:firstOut="4" xd:arraySize="1"/>
  <xd:arg xd:name="outp[3][0]" xd:originalName="outp30" xd:direction="out" xd:interfaceRef="outp_3_0" xd:busTypeRef="register" xd:handshakeRef="ap_vld" xd:dataWidth="16" xd:firstOut="4" xd:arraySize="1"/>
  <xd:arg xd:name="outp[3][1]" xd:originalName="outp31" xd:direction="out" xd:interfaceRef="outp_3_1" xd:busTypeRef="register" xd:handshakeRef="ap_vld" xd:dataWidth="16" xd:firstOut="4" xd:arraySize="1"/>
  <xd:arg xd:name="outp[3][2]" xd:originalName="outp32" xd:direction="out" xd:interfaceRef="outp_3_2" xd:busTypeRef="register" xd:handshakeRef="ap_vld" xd:dataWidth="16" xd:firstOut="4" xd:arraySize="1"/>
  <xd:arg xd:name="outp[3][3]" xd:originalName="outp33" xd:direction="out" xd:interfaceRef="outp_3_3" xd:busTypeRef="register" xd:handshakeRef="ap_vld" xd:dataWidth="16" xd:firstOut="4" xd:arraySize="1"/>
  <xd:arg xd:name="outp[3][4]" xd:originalName="outp34" xd:direction="out" xd:interfaceRef="outp_3_4" xd:busTypeRef="register" xd:handshakeRef="ap_vld" xd:dataWidth="16" xd:firstOut="4" xd:arraySize="1"/>
  <xd:arg xd:name="outp[3][5]" xd:originalName="outp35" xd:direction="out" xd:interfaceRef="outp_3_5" xd:busTypeRef="register" xd:handshakeRef="ap_vld" xd:dataWidth="16" xd:firstOut="4" xd:arraySize="1"/>
  <xd:arg xd:name="outp[3][6]" xd:originalName="outp36" xd:direction="out" xd:interfaceRef="outp_3_6" xd:busTypeRef="register" xd:handshakeRef="ap_vld" xd:dataWidth="16" xd:firstOut="4" xd:arraySize="1"/>
  <xd:arg xd:name="outp[3][7]" xd:originalName="outp37" xd:direction="out" xd:interfaceRef="outp_3_7" xd:busTypeRef="register" xd:handshakeRef="ap_vld" xd:dataWidth="16" xd:firstOut="4" xd:arraySize="1"/>
  <xd:arg xd:name="outp[3][8]" xd:originalName="outp38" xd:direction="out" xd:interfaceRef="outp_3_8" xd:busTypeRef="register" xd:handshakeRef="ap_vld" xd:dataWidth="16" xd:firstOut="4" xd:arraySize="1"/>
  <xd:arg xd:name="outp[3][9]" xd:originalName="outp39" xd:direction="out" xd:interfaceRef="outp_3_9" xd:busTypeRef="register" xd:handshakeRef="ap_vld" xd:dataWidth="16" xd:firstOut="4" xd:arraySize="1"/>
  <xd:arg xd:name="outp[3][10]" xd:originalName="outp310" xd:direction="out" xd:interfaceRef="outp_3_10" xd:busTypeRef="register" xd:handshakeRef="ap_vld" xd:dataWidth="16" xd:firstOut="4" xd:arraySize="1"/>
  <xd:arg xd:name="outp[4][0]" xd:originalName="outp40" xd:direction="out" xd:interfaceRef="outp_4_0" xd:busTypeRef="register" xd:handshakeRef="ap_vld" xd:dataWidth="16" xd:firstOut="4" xd:arraySize="1"/>
  <xd:arg xd:name="outp[4][1]" xd:originalName="outp41" xd:direction="out" xd:interfaceRef="outp_4_1" xd:busTypeRef="register" xd:handshakeRef="ap_vld" xd:dataWidth="16" xd:firstOut="4" xd:arraySize="1"/>
  <xd:arg xd:name="outp[4][2]" xd:originalName="outp42" xd:direction="out" xd:interfaceRef="outp_4_2" xd:busTypeRef="register" xd:handshakeRef="ap_vld" xd:dataWidth="16" xd:firstOut="4" xd:arraySize="1"/>
  <xd:arg xd:name="outp[4][3]" xd:originalName="outp43" xd:direction="out" xd:interfaceRef="outp_4_3" xd:busTypeRef="register" xd:handshakeRef="ap_vld" xd:dataWidth="16" xd:firstOut="4" xd:arraySize="1"/>
  <xd:arg xd:name="outp[4][4]" xd:originalName="outp44" xd:direction="out" xd:interfaceRef="outp_4_4" xd:busTypeRef="register" xd:handshakeRef="ap_vld" xd:dataWidth="16" xd:firstOut="4" xd:arraySize="1"/>
  <xd:arg xd:name="outp[4][5]" xd:originalName="outp45" xd:direction="out" xd:interfaceRef="outp_4_5" xd:busTypeRef="register" xd:handshakeRef="ap_vld" xd:dataWidth="16" xd:firstOut="4" xd:arraySize="1"/>
  <xd:arg xd:name="outp[4][6]" xd:originalName="outp46" xd:direction="out" xd:interfaceRef="outp_4_6" xd:busTypeRef="register" xd:handshakeRef="ap_vld" xd:dataWidth="16" xd:firstOut="4" xd:arraySize="1"/>
  <xd:arg xd:name="outp[4][7]" xd:originalName="outp47" xd:direction="out" xd:interfaceRef="outp_4_7" xd:busTypeRef="register" xd:handshakeRef="ap_vld" xd:dataWidth="16" xd:firstOut="4" xd:arraySize="1"/>
  <xd:arg xd:name="outp[4][8]" xd:originalName="outp48" xd:direction="out" xd:interfaceRef="outp_4_8" xd:busTypeRef="register" xd:handshakeRef="ap_vld" xd:dataWidth="16" xd:firstOut="4" xd:arraySize="1"/>
  <xd:arg xd:name="outp[4][9]" xd:originalName="outp49" xd:direction="out" xd:interfaceRef="outp_4_9" xd:busTypeRef="register" xd:handshakeRef="ap_vld" xd:dataWidth="16" xd:firstOut="4" xd:arraySize="1"/>
  <xd:arg xd:name="outp[4][10]" xd:originalName="outp410" xd:direction="out" xd:interfaceRef="outp_4_10" xd:busTypeRef="register" xd:handshakeRef="ap_vld" xd:dataWidth="16" xd:firstOut="4" xd:arraySize="1"/>
  <xd:arg xd:name="outp[5][0]" xd:originalName="outp50" xd:direction="out" xd:interfaceRef="outp_5_0" xd:busTypeRef="register" xd:handshakeRef="ap_vld" xd:dataWidth="16" xd:firstOut="4" xd:arraySize="1"/>
  <xd:arg xd:name="outp[5][1]" xd:originalName="outp51" xd:direction="out" xd:interfaceRef="outp_5_1" xd:busTypeRef="register" xd:handshakeRef="ap_vld" xd:dataWidth="16" xd:firstOut="4" xd:arraySize="1"/>
  <xd:arg xd:name="outp[5][2]" xd:originalName="outp52" xd:direction="out" xd:interfaceRef="outp_5_2" xd:busTypeRef="register" xd:handshakeRef="ap_vld" xd:dataWidth="16" xd:firstOut="4" xd:arraySize="1"/>
  <xd:arg xd:name="outp[5][3]" xd:originalName="outp53" xd:direction="out" xd:interfaceRef="outp_5_3" xd:busTypeRef="register" xd:handshakeRef="ap_vld" xd:dataWidth="16" xd:firstOut="4" xd:arraySize="1"/>
  <xd:arg xd:name="outp[5][4]" xd:originalName="outp54" xd:direction="out" xd:interfaceRef="outp_5_4" xd:busTypeRef="register" xd:handshakeRef="ap_vld" xd:dataWidth="16" xd:firstOut="4" xd:arraySize="1"/>
  <xd:arg xd:name="outp[5][5]" xd:originalName="outp55" xd:direction="out" xd:interfaceRef="outp_5_5" xd:busTypeRef="register" xd:handshakeRef="ap_vld" xd:dataWidth="16" xd:firstOut="4" xd:arraySize="1"/>
  <xd:arg xd:name="outp[5][6]" xd:originalName="outp56" xd:direction="out" xd:interfaceRef="outp_5_6" xd:busTypeRef="register" xd:handshakeRef="ap_vld" xd:dataWidth="16" xd:firstOut="4" xd:arraySize="1"/>
  <xd:arg xd:name="outp[5][7]" xd:originalName="outp57" xd:direction="out" xd:interfaceRef="outp_5_7" xd:busTypeRef="register" xd:handshakeRef="ap_vld" xd:dataWidth="16" xd:firstOut="4" xd:arraySize="1"/>
  <xd:arg xd:name="outp[5][8]" xd:originalName="outp58" xd:direction="out" xd:interfaceRef="outp_5_8" xd:busTypeRef="register" xd:handshakeRef="ap_vld" xd:dataWidth="16" xd:firstOut="4" xd:arraySize="1"/>
  <xd:arg xd:name="outp[5][9]" xd:originalName="outp59" xd:direction="out" xd:interfaceRef="outp_5_9" xd:busTypeRef="register" xd:handshakeRef="ap_vld" xd:dataWidth="16" xd:firstOut="4" xd:arraySize="1"/>
  <xd:arg xd:name="outp[5][10]" xd:originalName="outp510" xd:direction="out" xd:interfaceRef="outp_5_10" xd:busTypeRef="register" xd:handshakeRef="ap_vld" xd:dataWidth="16" xd:firstOut="4" xd:arraySize="1"/>
  <xd:arg xd:name="outp[6][0]" xd:originalName="outp60" xd:direction="out" xd:interfaceRef="outp_6_0" xd:busTypeRef="register" xd:handshakeRef="ap_vld" xd:dataWidth="16" xd:firstOut="4" xd:arraySize="1"/>
  <xd:arg xd:name="outp[6][1]" xd:originalName="outp61" xd:direction="out" xd:interfaceRef="outp_6_1" xd:busTypeRef="register" xd:handshakeRef="ap_vld" xd:dataWidth="16" xd:firstOut="4" xd:arraySize="1"/>
  <xd:arg xd:name="outp[6][2]" xd:originalName="outp62" xd:direction="out" xd:interfaceRef="outp_6_2" xd:busTypeRef="register" xd:handshakeRef="ap_vld" xd:dataWidth="16" xd:firstOut="4" xd:arraySize="1"/>
  <xd:arg xd:name="outp[6][3]" xd:originalName="outp63" xd:direction="out" xd:interfaceRef="outp_6_3" xd:busTypeRef="register" xd:handshakeRef="ap_vld" xd:dataWidth="16" xd:firstOut="4" xd:arraySize="1"/>
  <xd:arg xd:name="outp[6][4]" xd:originalName="outp64" xd:direction="out" xd:interfaceRef="outp_6_4" xd:busTypeRef="register" xd:handshakeRef="ap_vld" xd:dataWidth="16" xd:firstOut="4" xd:arraySize="1"/>
  <xd:arg xd:name="outp[6][5]" xd:originalName="outp65" xd:direction="out" xd:interfaceRef="outp_6_5" xd:busTypeRef="register" xd:handshakeRef="ap_vld" xd:dataWidth="16" xd:firstOut="4" xd:arraySize="1"/>
  <xd:arg xd:name="outp[6][6]" xd:originalName="outp66" xd:direction="out" xd:interfaceRef="outp_6_6" xd:busTypeRef="register" xd:handshakeRef="ap_vld" xd:dataWidth="16" xd:firstOut="4" xd:arraySize="1"/>
  <xd:arg xd:name="outp[6][7]" xd:originalName="outp67" xd:direction="out" xd:interfaceRef="outp_6_7" xd:busTypeRef="register" xd:handshakeRef="ap_vld" xd:dataWidth="16" xd:firstOut="4" xd:arraySize="1"/>
  <xd:arg xd:name="outp[6][8]" xd:originalName="outp68" xd:direction="out" xd:interfaceRef="outp_6_8" xd:busTypeRef="register" xd:handshakeRef="ap_vld" xd:dataWidth="16" xd:firstOut="4" xd:arraySize="1"/>
  <xd:arg xd:name="outp[6][9]" xd:originalName="outp69" xd:direction="out" xd:interfaceRef="outp_6_9" xd:busTypeRef="register" xd:handshakeRef="ap_vld" xd:dataWidth="16" xd:firstOut="4" xd:arraySize="1"/>
  <xd:arg xd:name="outp[6][10]" xd:originalName="outp610" xd:direction="out" xd:interfaceRef="outp_6_10" xd:busTypeRef="register" xd:handshakeRef="ap_vld" xd:dataWidth="16" xd:firstOut="4" xd:arraySize="1"/>
  <xd:arg xd:name="outp[7][0]" xd:originalName="outp70" xd:direction="out" xd:interfaceRef="outp_7_0" xd:busTypeRef="register" xd:handshakeRef="ap_vld" xd:dataWidth="16" xd:firstOut="4" xd:arraySize="1"/>
  <xd:arg xd:name="outp[7][1]" xd:originalName="outp71" xd:direction="out" xd:interfaceRef="outp_7_1" xd:busTypeRef="register" xd:handshakeRef="ap_vld" xd:dataWidth="16" xd:firstOut="4" xd:arraySize="1"/>
  <xd:arg xd:name="outp[7][2]" xd:originalName="outp72" xd:direction="out" xd:interfaceRef="outp_7_2" xd:busTypeRef="register" xd:handshakeRef="ap_vld" xd:dataWidth="16" xd:firstOut="4" xd:arraySize="1"/>
  <xd:arg xd:name="outp[7][3]" xd:originalName="outp73" xd:direction="out" xd:interfaceRef="outp_7_3" xd:busTypeRef="register" xd:handshakeRef="ap_vld" xd:dataWidth="16" xd:firstOut="4" xd:arraySize="1"/>
  <xd:arg xd:name="outp[7][4]" xd:originalName="outp74" xd:direction="out" xd:interfaceRef="outp_7_4" xd:busTypeRef="register" xd:handshakeRef="ap_vld" xd:dataWidth="16" xd:firstOut="4" xd:arraySize="1"/>
  <xd:arg xd:name="outp[7][5]" xd:originalName="outp75" xd:direction="out" xd:interfaceRef="outp_7_5" xd:busTypeRef="register" xd:handshakeRef="ap_vld" xd:dataWidth="16" xd:firstOut="4" xd:arraySize="1"/>
  <xd:arg xd:name="outp[7][6]" xd:originalName="outp76" xd:direction="out" xd:interfaceRef="outp_7_6" xd:busTypeRef="register" xd:handshakeRef="ap_vld" xd:dataWidth="16" xd:firstOut="4" xd:arraySize="1"/>
  <xd:arg xd:name="outp[7][7]" xd:originalName="outp77" xd:direction="out" xd:interfaceRef="outp_7_7" xd:busTypeRef="register" xd:handshakeRef="ap_vld" xd:dataWidth="16" xd:firstOut="4" xd:arraySize="1"/>
  <xd:arg xd:name="outp[7][8]" xd:originalName="outp78" xd:direction="out" xd:interfaceRef="outp_7_8" xd:busTypeRef="register" xd:handshakeRef="ap_vld" xd:dataWidth="16" xd:firstOut="4" xd:arraySize="1"/>
  <xd:arg xd:name="outp[7][9]" xd:originalName="outp79" xd:direction="out" xd:interfaceRef="outp_7_9" xd:busTypeRef="register" xd:handshakeRef="ap_vld" xd:dataWidth="16" xd:firstOut="4" xd:arraySize="1"/>
  <xd:arg xd:name="outp[7][10]" xd:originalName="outp710" xd:direction="out" xd:interfaceRef="outp_7_10" xd:busTypeRef="register" xd:handshakeRef="ap_vld" xd:dataWidth="16" xd:firstOut="4" xd:arraySize="1"/>
  <xd:arg xd:name="outp[8][0]" xd:originalName="outp80" xd:direction="out" xd:interfaceRef="outp_8_0" xd:busTypeRef="register" xd:handshakeRef="ap_vld" xd:dataWidth="16" xd:firstOut="4" xd:arraySize="1"/>
  <xd:arg xd:name="outp[8][1]" xd:originalName="outp81" xd:direction="out" xd:interfaceRef="outp_8_1" xd:busTypeRef="register" xd:handshakeRef="ap_vld" xd:dataWidth="16" xd:firstOut="4" xd:arraySize="1"/>
  <xd:arg xd:name="outp[8][2]" xd:originalName="outp82" xd:direction="out" xd:interfaceRef="outp_8_2" xd:busTypeRef="register" xd:handshakeRef="ap_vld" xd:dataWidth="16" xd:firstOut="4" xd:arraySize="1"/>
  <xd:arg xd:name="outp[8][3]" xd:originalName="outp83" xd:direction="out" xd:interfaceRef="outp_8_3" xd:busTypeRef="register" xd:handshakeRef="ap_vld" xd:dataWidth="16" xd:firstOut="4" xd:arraySize="1"/>
  <xd:arg xd:name="outp[8][4]" xd:originalName="outp84" xd:direction="out" xd:interfaceRef="outp_8_4" xd:busTypeRef="register" xd:handshakeRef="ap_vld" xd:dataWidth="16" xd:firstOut="4" xd:arraySize="1"/>
  <xd:arg xd:name="outp[8][5]" xd:originalName="outp85" xd:direction="out" xd:interfaceRef="outp_8_5" xd:busTypeRef="register" xd:handshakeRef="ap_vld" xd:dataWidth="16" xd:firstOut="4" xd:arraySize="1"/>
  <xd:arg xd:name="outp[8][6]" xd:originalName="outp86" xd:direction="out" xd:interfaceRef="outp_8_6" xd:busTypeRef="register" xd:handshakeRef="ap_vld" xd:dataWidth="16" xd:firstOut="4" xd:arraySize="1"/>
  <xd:arg xd:name="outp[8][7]" xd:originalName="outp87" xd:direction="out" xd:interfaceRef="outp_8_7" xd:busTypeRef="register" xd:handshakeRef="ap_vld" xd:dataWidth="16" xd:firstOut="4" xd:arraySize="1"/>
  <xd:arg xd:name="outp[8][8]" xd:originalName="outp88" xd:direction="out" xd:interfaceRef="outp_8_8" xd:busTypeRef="register" xd:handshakeRef="ap_vld" xd:dataWidth="16" xd:firstOut="4" xd:arraySize="1"/>
  <xd:arg xd:name="outp[8][9]" xd:originalName="outp89" xd:direction="out" xd:interfaceRef="outp_8_9" xd:busTypeRef="register" xd:handshakeRef="ap_vld" xd:dataWidth="16" xd:firstOut="4" xd:arraySize="1"/>
  <xd:arg xd:name="outp[8][10]" xd:originalName="outp810" xd:direction="out" xd:interfaceRef="outp_8_10" xd:busTypeRef="register" xd:handshakeRef="ap_vld" xd:dataWidth="16" xd:firstOut="4" xd:arraySize="1"/>
  <xd:arg xd:name="outp[9][0]" xd:originalName="outp90" xd:direction="out" xd:interfaceRef="outp_9_0" xd:busTypeRef="register" xd:handshakeRef="ap_vld" xd:dataWidth="16" xd:firstOut="4" xd:arraySize="1"/>
  <xd:arg xd:name="outp[9][1]" xd:originalName="outp91" xd:direction="out" xd:interfaceRef="outp_9_1" xd:busTypeRef="register" xd:handshakeRef="ap_vld" xd:dataWidth="16" xd:firstOut="4" xd:arraySize="1"/>
  <xd:arg xd:name="outp[9][2]" xd:originalName="outp92" xd:direction="out" xd:interfaceRef="outp_9_2" xd:busTypeRef="register" xd:handshakeRef="ap_vld" xd:dataWidth="16" xd:firstOut="4" xd:arraySize="1"/>
  <xd:arg xd:name="outp[9][3]" xd:originalName="outp93" xd:direction="out" xd:interfaceRef="outp_9_3" xd:busTypeRef="register" xd:handshakeRef="ap_vld" xd:dataWidth="16" xd:firstOut="4" xd:arraySize="1"/>
  <xd:arg xd:name="outp[9][4]" xd:originalName="outp94" xd:direction="out" xd:interfaceRef="outp_9_4" xd:busTypeRef="register" xd:handshakeRef="ap_vld" xd:dataWidth="16" xd:firstOut="4" xd:arraySize="1"/>
  <xd:arg xd:name="outp[9][5]" xd:originalName="outp95" xd:direction="out" xd:interfaceRef="outp_9_5" xd:busTypeRef="register" xd:handshakeRef="ap_vld" xd:dataWidth="16" xd:firstOut="4" xd:arraySize="1"/>
  <xd:arg xd:name="outp[9][6]" xd:originalName="outp96" xd:direction="out" xd:interfaceRef="outp_9_6" xd:busTypeRef="register" xd:handshakeRef="ap_vld" xd:dataWidth="16" xd:firstOut="4" xd:arraySize="1"/>
  <xd:arg xd:name="outp[9][7]" xd:originalName="outp97" xd:direction="out" xd:interfaceRef="outp_9_7" xd:busTypeRef="register" xd:handshakeRef="ap_vld" xd:dataWidth="16" xd:firstOut="4" xd:arraySize="1"/>
  <xd:arg xd:name="outp[9][8]" xd:originalName="outp98" xd:direction="out" xd:interfaceRef="outp_9_8" xd:busTypeRef="register" xd:handshakeRef="ap_vld" xd:dataWidth="16" xd:firstOut="4" xd:arraySize="1"/>
  <xd:arg xd:name="outp[9][9]" xd:originalName="outp99" xd:direction="out" xd:interfaceRef="outp_9_9" xd:busTypeRef="register" xd:handshakeRef="ap_vld" xd:dataWidth="16" xd:firstOut="4" xd:arraySize="1"/>
  <xd:arg xd:name="outp[9][10]" xd:originalName="outp910" xd:direction="out" xd:interfaceRef="outp_9_10" xd:busTypeRef="register" xd:handshakeRef="ap_vld" xd:dataWidth="16" xd:firstOut="4" xd:arraySize="1"/>
  <xd:arg xd:name="outp[10][0]" xd:originalName="outp100" xd:direction="out" xd:interfaceRef="outp_10_0" xd:busTypeRef="register" xd:handshakeRef="ap_vld" xd:dataWidth="16" xd:firstOut="4" xd:arraySize="1"/>
  <xd:arg xd:name="outp[10][1]" xd:originalName="outp101" xd:direction="out" xd:interfaceRef="outp_10_1" xd:busTypeRef="register" xd:handshakeRef="ap_vld" xd:dataWidth="16" xd:firstOut="4" xd:arraySize="1"/>
  <xd:arg xd:name="outp[10][2]" xd:originalName="outp102" xd:direction="out" xd:interfaceRef="outp_10_2" xd:busTypeRef="register" xd:handshakeRef="ap_vld" xd:dataWidth="16" xd:firstOut="4" xd:arraySize="1"/>
  <xd:arg xd:name="outp[10][3]" xd:originalName="outp103" xd:direction="out" xd:interfaceRef="outp_10_3" xd:busTypeRef="register" xd:handshakeRef="ap_vld" xd:dataWidth="16" xd:firstOut="4" xd:arraySize="1"/>
  <xd:arg xd:name="outp[10][4]" xd:originalName="outp104" xd:direction="out" xd:interfaceRef="outp_10_4" xd:busTypeRef="register" xd:handshakeRef="ap_vld" xd:dataWidth="16" xd:firstOut="4" xd:arraySize="1"/>
  <xd:arg xd:name="outp[10][5]" xd:originalName="outp105" xd:direction="out" xd:interfaceRef="outp_10_5" xd:busTypeRef="register" xd:handshakeRef="ap_vld" xd:dataWidth="16" xd:firstOut="4" xd:arraySize="1"/>
  <xd:arg xd:name="outp[10][6]" xd:originalName="outp106" xd:direction="out" xd:interfaceRef="outp_10_6" xd:busTypeRef="register" xd:handshakeRef="ap_vld" xd:dataWidth="16" xd:firstOut="4" xd:arraySize="1"/>
  <xd:arg xd:name="outp[10][7]" xd:originalName="outp107" xd:direction="out" xd:interfaceRef="outp_10_7" xd:busTypeRef="register" xd:handshakeRef="ap_vld" xd:dataWidth="16" xd:firstOut="4" xd:arraySize="1"/>
  <xd:arg xd:name="outp[10][8]" xd:originalName="outp108" xd:direction="out" xd:interfaceRef="outp_10_8" xd:busTypeRef="register" xd:handshakeRef="ap_vld" xd:dataWidth="16" xd:firstOut="4" xd:arraySize="1"/>
  <xd:arg xd:name="outp[10][9]" xd:originalName="outp109" xd:direction="out" xd:interfaceRef="outp_10_9" xd:busTypeRef="register" xd:handshakeRef="ap_vld" xd:dataWidth="16" xd:firstOut="4" xd:arraySize="1"/>
  <xd:arg xd:name="outp[10][10]" xd:originalName="outp1010" xd:direction="out" xd:interfaceRef="outp_10_10" xd:busTypeRef="register" xd:handshakeRef="ap_vld" xd:dataWidth="16" xd:firstOut="4" xd:arraySize="1"/>
  <xd:latencyEstimates xd:best-case="15" xd:worst-case="15" xd:average-case="15"/>
  <xd:resourceEstimates xd:LUT="25160" xd:FF="4140" xd:BRAM="0" xd:DSP="149"/>
</xd:acceleratorMap>
