{"sourceFile": [{
      "name": "",
      "directive": [
        {
          "functionName": "MatConv",
          "label": "Ker_Cols",
          "functionLabel": "",
          "pragma": {"name": "UNROLL"}
        },
        {
          "functionName": "MatConv",
          "label": "Ker_Rows",
          "functionLabel": "",
          "pragma": {"name": "UNROLL"}
        },
        {
          "functionName": "MatConv",
          "label": "Output_Cols",
          "functionLabel": "",
          "pragma": {"name": "UNROLL"}
        },
        {
          "functionName": "MatConv",
          "label": "Output_Rows",
          "functionLabel": "",
          "pragma": {"name": "UNROLL"}
        }
      ]
    }]}
